,Código do fundo,Setor,Preço Atual,Liquidez Diária,Dividendo,Dividend Yield,DY (3M) Acumulado,DY (6M) Acumulado,DY (12M) Acumulado,DY (3M) Média,DY (6M) Média,DY (12M) Média,DY Ano,Variação Preço,Rentab. Período,Rentab. Acumulada,Patrimônio Líq.,VPA,P/VPA,DY Patrimonial,Variação Patrimonial,Rentab. Patr. no Período,Rentab. Patr. Acumulada,Vacância Física,Vacância Financeira,Quantidade Ativos
0,FIVN11,Shoppings,"R$ 3,25",387420.0,"R$ 0,00","0,00%","0,00%","0,00%","0,00%","0,00%","0,00%","0,00%",,"0,00%","0,00%","0,00%","R$ 65.352.435,22","R$ 6,94",0.47,,,,,"56,00%",,1
1,BZLI11,Títulos e Val. Mob.,"R$ 17,01",20.0,"R$ 0,00","0,00%","0,00%","0,00%","0,00%","0,00%","0,00%","0,00%","0,00%","0,68%","0,68%","1,14%","R$ 433.127.158,26","R$ 10,49",1.62,,,,,,,0
2,XTED11,Lajes Corporativas,"R$ 8,82",22230.0,"R$ 0,00","0,00%","0,00%","0,00%","0,00%","0,00%","0,00%","0,00%","0,00%","1,10%","1,10%","-37,83%","R$ 27.688.895,17","R$ 13,26",0.67,,,,,"0,00%","100,00%",1
3,ALMI11,Lajes Corporativas,"R$ 921,00",240.0,"R$ 0,00","0,00%","0,00%","0,00%","0,00%","0,00%","0,00%","0,00%","0,00%","2,27%","2,27%","-28,29%","R$ 250.446.109,75","R$ 2.252,68",0.41,,,,,"64,05%",,1
4,PABY11,Híbrido,"R$ 20,54",5550.0,"R$ 0,00","0,00%","0,00%","0,00%","0,00%","0,00%","0,00%","0,00%","0,00%","-19,84%","-19,84%","-31,62%","R$ -12.026.292,32","R$ -15,86",-1.3,,,,,,,1
5,ORPD11,Títulos e Val. Mob.,"R$ 11,00",500.0,"R$ 1,38",,,,,,,,,,,,"R$ 43.042.241,00","R$ 148,42",0.07,,,,,,,0
6,GSFI11,Shoppings,"R$ 5,10",17880.0,"R$ 0,00","0,03%","0,03%","0,03%","0,03%","0,01%","0,00%","0,00%","0,03%","0,00%","0,03%","0,03%","R$ 1.021.250.921,01","R$ 13,58",0.38,,,,,"10,30%",,10
7,NEWU11,Lajes Corporativas,"R$ 40,40",440.0,"R$ 0,00","0,00%","0,00%","0,56%","16,63%","0,00%","0,09%","1,39%","0,61%","-4,04%","-4,04%","-31,62%","R$ 48.168.182,05","R$ 64,92",0.62,"0,12%","-0,31%","-0,19%","-0,19%","63,20%",,3
8,PRSV11,Lajes Corporativas,"R$ 139,35",260.0,"R$ 1,62","0,42%","1,53%","2,91%","5,95%","0,51%","0,48%","0,50%","4,46%","5,30%","5,74%","-11,25%","R$ 47.486.481,43","R$ 243,52",0.57,,,,,"40,90%",,2
9,FAMB11B,Lajes Corporativas,"R$ 700,24",6110.0,"R$ 9,16","0,56%","2,17%","4,78%","10,43%","0,72%","0,80%","0,87%","8,82%","-47,80%","-47,51%","-47,80%","R$ 317.236.778,23","R$ 3.027,07",0.23,,,,,"100,00%",,1
10,FMOF11,Lajes Corporativas,"R$ 54,16",80.0,"R$ 0,64",,,,,,,,,,,,"R$ 62.381.144,65","R$ 122,80",0.44,,,,,"52,08%",,1
11,HGRS11,Residencial,"R$ 10,03",96390.0,"R$ 0,00","0,00%","0,00%","0,00%","0,00%","0,00%","0,00%","0,00%",,"0,00%","0,00%","0,00%","R$ 151.683.765,07","R$ 101,60",0.1,,,,,,,0
12,HGRS11,Residencial,"R$ 10,05",503190.0,"R$ 0,00","0,00%","0,00%","0,00%","0,00%","0,00%","0,00%","0,00%",,"0,00%","0,00%","0,00%","R$ 151.683.765,07","R$ 101,60",0.1,,,,,,,0
13,HGRS11,Residencial,"R$ 10,03",780200.0,"R$ 0,00","0,00%","0,00%","0,00%","0,00%","0,00%","0,00%","0,00%",,"0,00%","0,00%","0,00%","R$ 151.683.765,07","R$ 101,60",0.1,,,,,,,0
14,HGRS11,Residencial,"R$ 10,04",899100.0,"R$ 0,00","0,00%","0,00%","0,00%","0,00%","0,00%","0,00%","0,00%",,"0,00%","0,00%","0,00%","R$ 151.683.765,07","R$ 101,60",0.1,,,,,,,0
15,HGRS11,Residencial,"R$ 10,04",1092620.0,"R$ 0,00","0,00%","0,00%","0,00%","0,00%","0,00%","0,00%","0,00%",,"0,00%","0,00%","0,00%","R$ 151.683.765,07","R$ 101,60",0.1,,,,,,,0
16,HGRS11,Residencial,"R$ 10,03",859240.0,"R$ 0,00","0,00%","0,00%","0,00%","0,00%","0,00%","0,00%","0,00%",,"0,00%","0,00%","0,00%","R$ 151.683.765,07","R$ 101,60",0.1,,,,,,,0
17,HGRS11,Residencial,"R$ 10,08",1213810.0,"R$ 0,00","0,00%","0,00%","0,00%","0,00%","0,00%","0,00%","0,00%",,"0,00%","0,00%","0,00%","R$ 151.683.765,07","R$ 101,60",0.1,,,,,,,0
18,HGRS11,Residencial,"R$ 10,00",1757120.0,"R$ 0,00","0,00%","0,00%","0,00%","0,00%","0,00%","0,00%","0,00%",,"0,00%","0,00%","0,00%","R$ 151.683.765,07","R$ 101,60",0.1,,,,,,,0
19,HGRS11,Residencial,"R$ 10,14",1606020.0,"R$ 0,00","0,00%","0,00%","0,00%","0,00%","0,00%","0,00%","0,00%",,"0,00%","0,00%","0,00%","R$ 151.683.765,07","R$ 101,60",0.1,,,,,,,0
20,KNRE11,Residencial,"R$ 0,50",63670.0,"R$ 0,00","0,00%","0,00%","0,00%","0,00%","0,00%","0,00%","0,00%","0,00%","0,00%","0,00%","0,00%","R$ 15.445.287,74","R$ 0,83",0.6,"36,83%","-28,53%","-2,21%","-8,03%",,,0
21,RBDS11,Residencial,"R$ 2,95",390.0,"R$ 0,00","0,00%","0,00%","0,00%","0,00%","0,00%","0,00%","0,00%","0,00%","0,00%","0,00%","0,00%","R$ 2.565.041,32","R$ 20,27",0.15,,,,,,,0
22,WTSP11B,Híbrido,"R$ 30,02",210.0,"R$ 0,32","0,76%","2,57%","4,67%","6,85%","0,86%","0,78%","0,57%","0,76%","0,00%","0,76%","0,76%","R$ 82.299.087,20","R$ 82,92",0.36,,,,,,,0
23,OULG11,Outros,"R$ 42,15",29080.0,"R$ 0,17","0,38%","1,14%","3,40%","8,03%","0,38%","0,57%","0,67%","1,50%","3,09%","3,48%","-3,91%","R$ 181.789.440,59","R$ 73,26",0.58,"0,27%","0,03%","0,31%","0,75%","0,00%",,2
24,VXXV11,Outros,"R$ 950,00",6010.0,"R$ 10,76",,,,,,,,,,,,"R$ 241.217.042,46","R$ 909,29",1.04,,,,,,,0
25,HRDF11,Híbrido,"R$ 0,86",450.0,"R$ 6,80",,,,,,,,,,,,"R$ 8.580.336,15","R$ 1,13",0.76,,,,,,,0
26,CJCT11,Lajes Corporativas,"R$ 69,77",640.0,"R$ 0,00",,,,,,,,,,,,"R$ 201.289.696,90","R$ 64,10",1.09,,,,,"59,00%",,1
27,LFTT11,Residencial,"R$ 83,00",40.0,"R$ 0,75",,,,,,,,,,,,"R$ 323.918.256,91","R$ 43,75",1.9,,,,,,,0
28,CTXT11,Lajes Corporativas,"R$ 11,94",3410.0,"R$ 0,09","0,39%","0,78%","1,36%","5,53%","0,26%","0,23%","0,46%","1,36%","-2,58%","-2,20%","-39,31%","R$ 104.537.496,57","R$ 36,01",0.33,,,,,"97,00%",,1
29,SRVD11,Títulos e Val. Mob.,"R$ 8,81",4470.0,"R$ 0,10","1,01%","0,00%","0,00%","0,00%","0,00%","0,00%","0,00%","1,01%","0,00%","1,01%","1,01%","R$ 71.453.390,81","R$ 0,74",11.87,,,,,,,0
30,RBIR11,Residencial,"R$ 62,85",1250.0,"R$ 0,00","0,00%","0,00%","0,00%","0,00%","0,00%","0,00%","0,00%","0,00%","0,00%","0,00%","0,00%","R$ 145.966.288,51","R$ 95,49",0.66,,,,,,,0
31,CARE11,Híbrido,"R$ 2,81",116790.0,"R$ 0,00","0,23%","0,66%","1,36%","1,60%","0,22%","0,23%","0,13%","1,36%","-2,63%","-2,41%","5,65%","R$ 291.700.133,94","R$ 8,15",0.34,,,,,,,0
32,RBGS11,Shoppings,"R$ 90,17",13900.0,"R$ 0,18","0,62%","1,59%","2,73%","5,12%","0,53%","0,46%","0,43%","5,12%","-1,90%","-1,29%","-28,71%","R$ 97.865.283,71","R$ 90,78",0.99,"0,18%","0,00%","0,18%","1,17%","13,00%",,1
33,RBGS11,Shoppings,"R$ 89,98",15090.0,"R$ 0,18","0,62%","1,59%","2,73%","5,12%","0,53%","0,46%","0,43%","5,12%","-1,90%","-1,29%","-28,71%","R$ 97.865.283,71","R$ 90,78",0.99,"0,18%","0,00%","0,18%","1,17%","13,00%",,1
34,RBGS11,Shoppings,"R$ 90,10",15930.0,"R$ 0,18","0,62%","1,59%","2,73%","5,12%","0,53%","0,46%","0,43%","5,12%","-1,90%","-1,29%","-28,71%","R$ 97.865.283,71","R$ 90,78",0.99,"0,18%","0,00%","0,18%","1,17%","13,00%",,1
35,RBGS11,Shoppings,"R$ 90,18",7680.0,"R$ 0,18","0,62%","1,59%","2,73%","5,12%","0,53%","0,46%","0,43%","5,12%","-1,90%","-1,29%","-28,71%","R$ 97.865.283,71","R$ 90,78",0.99,"0,18%","0,00%","0,18%","1,17%","13,00%",,1
36,RBGS11,Shoppings,"R$ 90,15",6180.0,"R$ 0,18","0,62%","1,59%","2,73%","5,12%","0,53%","0,46%","0,43%","5,12%","-1,90%","-1,29%","-28,71%","R$ 97.865.283,71","R$ 90,78",0.99,"0,18%","0,00%","0,18%","1,17%","13,00%",,1
37,RBGS11,Shoppings,"R$ 90,17",5560.0,"R$ 0,18","0,62%","1,59%","2,73%","5,12%","0,53%","0,46%","0,43%","5,12%","-1,90%","-1,29%","-28,71%","R$ 97.865.283,71","R$ 90,78",0.99,"0,18%","0,00%","0,18%","1,17%","13,00%",,1
38,RBGS11,Shoppings,"R$ 90,19",16580.0,"R$ 0,18","0,62%","1,59%","2,73%","5,12%","0,53%","0,46%","0,43%","5,12%","-1,90%","-1,29%","-28,71%","R$ 97.865.283,71","R$ 90,78",0.99,"0,18%","0,00%","0,18%","1,17%","13,00%",,1
39,RBGS11,Shoppings,"R$ 90,44",13130.0,"R$ 0,18","0,62%","1,59%","2,73%","5,12%","0,53%","0,46%","0,43%","5,12%","-1,90%","-1,29%","-28,71%","R$ 97.865.283,71","R$ 90,78",1.0,"0,18%","0,00%","0,18%","1,17%","13,00%",,1
40,IBFF11,Títulos e Val. Mob.,"R$ 3,08",24000.0,"R$ 0,30","0,44%","2,01%","4,58%","9,52%","0,67%","0,76%","0,79%","5,42%","7,50%","7,98%","19,59%","R$ 9.855.905,16","R$ 14,78",0.21,,,,,,,0
41,IBFF11,Títulos e Val. Mob.,"R$ 3,08",13000.0,"R$ 0,30","0,44%","2,01%","4,58%","9,52%","0,67%","0,76%","0,79%","5,42%","7,50%","7,98%","19,59%","R$ 9.855.905,16","R$ 14,78",0.21,,,,,,,0
42,YUFI11B,Residencial,"R$ 96,00",110.0,"R$ 0,63","0,00%","0,00%","0,00%","0,00%","0,00%","0,00%","0,00%",,"0,00%","0,00%","0,00%","R$ 51.099.276,98","R$ 103,72",0.93,,,,,,,0
43,YUFI11B,Residencial,"R$ 95,99",26450.0,"R$ 0,63","0,00%","0,00%","0,00%","0,00%","0,00%","0,00%","0,00%",,"0,00%","0,00%","0,00%","R$ 51.099.276,98","R$ 103,72",0.93,,,,,,,0
44,YUFI11B,Residencial,"R$ 95,48",60920.0,"R$ 0,63","0,00%","0,00%","0,00%","0,00%","0,00%","0,00%","0,00%",,"0,00%","0,00%","0,00%","R$ 51.099.276,98","R$ 103,72",0.92,,,,,,,0
45,YUFI11B,Residencial,"R$ 95,10",53940.0,"R$ 0,63","0,00%","0,00%","0,00%","0,00%","0,00%","0,00%","0,00%",,"0,00%","0,00%","0,00%","R$ 51.099.276,98","R$ 103,72",0.92,,,,,,,0
46,YUFI11B,Residencial,"R$ 95,42",21290.0,"R$ 0,63","0,00%","0,00%","0,00%","0,00%","0,00%","0,00%","0,00%",,"0,00%","0,00%","0,00%","R$ 51.099.276,98","R$ 103,72",0.92,,,,,,,0
47,YUFI11B,Residencial,"R$ 95,44",20600.0,"R$ 0,63","0,00%","0,00%","0,00%","0,00%","0,00%","0,00%","0,00%",,"0,00%","0,00%","0,00%","R$ 51.099.276,98","R$ 103,72",0.92,,,,,,,0
48,YUFI11B,Residencial,"R$ 95,38",24550.0,"R$ 0,63","0,00%","0,00%","0,00%","0,00%","0,00%","0,00%","0,00%",,"0,00%","0,00%","0,00%","R$ 51.099.276,98","R$ 103,72",0.92,,,,,,,0
49,YUFI11B,Residencial,"R$ 95,41",33820.0,"R$ 0,63","0,00%","0,00%","0,00%","0,00%","0,00%","0,00%","0,00%",,"0,00%","0,00%","0,00%","R$ 51.099.276,98","R$ 103,72",0.92,,,,,,,0
50,YUFI11B,Residencial,"R$ 95,60",43510.0,"R$ 0,63","0,00%","0,00%","0,00%","0,00%","0,00%","0,00%","0,00%",,"0,00%","0,00%","0,00%","R$ 51.099.276,98","R$ 103,72",0.92,,,,,,,0
51,CORM11,Híbrido,"R$ 99,21",3120.0,"R$ 0,77","0,90%","2,76%","5,35%","11,38%","0,92%","0,89%","0,95%","6,20%","-2,97%","-2,10%","-4,27%","R$ 90.416.237,60","R$ 88,88",1.12,,,,,,,0
52,CORM11,Híbrido,"R$ 99,38",279870.0,"R$ 0,77","0,90%","2,76%","5,35%","11,38%","0,92%","0,89%","0,95%","6,20%","-2,97%","-2,10%","-4,27%","R$ 90.416.237,60","R$ 88,88",1.12,,,,,,,0
53,CORM11,Híbrido,"R$ 99,51",146650.0,"R$ 0,77","0,90%","2,76%","5,35%","11,38%","0,92%","0,89%","0,95%","6,20%","-2,97%","-2,10%","-4,27%","R$ 90.416.237,60","R$ 88,88",1.12,,,,,,,0
54,CORM11,Híbrido,"R$ 99,53",178300.0,"R$ 0,77","0,90%","2,76%","5,35%","11,38%","0,92%","0,89%","0,95%","6,20%","-2,97%","-2,10%","-4,27%","R$ 90.416.237,60","R$ 88,88",1.12,,,,,,,0
55,CORM11,Híbrido,"R$ 99,51",138390.0,"R$ 0,77","0,90%","2,76%","5,35%","11,38%","0,92%","0,89%","0,95%","6,20%","-2,97%","-2,10%","-4,27%","R$ 90.416.237,60","R$ 88,88",1.12,,,,,,,0
56,CORM11,Híbrido,"R$ 99,54",161310.0,"R$ 0,77","0,90%","2,76%","5,35%","11,38%","0,92%","0,89%","0,95%","6,20%","-2,97%","-2,10%","-4,27%","R$ 90.416.237,60","R$ 88,88",1.12,,,,,,,0
57,CORM11,Híbrido,"R$ 99,50",133680.0,"R$ 0,77","0,90%","2,76%","5,35%","11,38%","0,92%","0,89%","0,95%","6,20%","-2,97%","-2,10%","-4,27%","R$ 90.416.237,60","R$ 88,88",1.12,,,,,,,0
58,CORM11,Híbrido,"R$ 99,31",214290.0,"R$ 0,77","0,90%","2,76%","5,35%","11,38%","0,92%","0,89%","0,95%","6,20%","-2,97%","-2,10%","-4,27%","R$ 90.416.237,60","R$ 88,88",1.12,,,,,,,0
59,CORM11,Híbrido,"R$ 99,42",202700.0,"R$ 0,77","0,90%","2,76%","5,35%","11,38%","0,92%","0,89%","0,95%","6,20%","-2,97%","-2,10%","-4,27%","R$ 90.416.237,60","R$ 88,88",1.12,,,,,,,0
60,ERCR11,Híbrido,"R$ 89,10",1770.0,"R$ 783,96","0,00%","0,00%","0,00%","0,00%","0,00%","0,00%","0,00%",,"0,00%","0,00%","0,00%","R$ 160.268.446,24","R$ 67.453,05",0.0,,,,,,,0
61,ERCR11,Híbrido,"R$ 89,20",47790.0,"R$ 783,96","0,00%","0,00%","0,00%","0,00%","0,00%","0,00%","0,00%",,"0,00%","0,00%","0,00%","R$ 160.268.446,24","R$ 67.453,05",0.0,,,,,,,0
62,ERCR11,Híbrido,"R$ 88,55",27380.0,"R$ 783,96","0,00%","0,00%","0,00%","0,00%","0,00%","0,00%","0,00%",,"0,00%","0,00%","0,00%","R$ 160.268.446,24","R$ 67.453,05",0.0,,,,,,,0
63,ERCR11,Híbrido,"R$ 89,31",23150.0,"R$ 783,96","0,00%","0,00%","0,00%","0,00%","0,00%","0,00%","0,00%",,"0,00%","0,00%","0,00%","R$ 160.268.446,24","R$ 67.453,05",0.0,,,,,,,0
64,ERCR11,Híbrido,"R$ 88,83",61230.0,"R$ 783,96","0,00%","0,00%","0,00%","0,00%","0,00%","0,00%","0,00%",,"0,00%","0,00%","0,00%","R$ 160.268.446,24","R$ 67.453,05",0.0,,,,,,,0
65,ERCR11,Híbrido,"R$ 88,66",23500.0,"R$ 783,96","0,00%","0,00%","0,00%","0,00%","0,00%","0,00%","0,00%",,"0,00%","0,00%","0,00%","R$ 160.268.446,24","R$ 67.453,05",0.0,,,,,,,0
66,ERCR11,Híbrido,"R$ 88,30",97240.0,"R$ 783,96","0,00%","0,00%","0,00%","0,00%","0,00%","0,00%","0,00%",,"0,00%","0,00%","0,00%","R$ 160.268.446,24","R$ 67.453,05",0.0,,,,,,,0
67,ERCR11,Híbrido,"R$ 88,24",34880.0,"R$ 783,96","0,00%","0,00%","0,00%","0,00%","0,00%","0,00%","0,00%",,"0,00%","0,00%","0,00%","R$ 160.268.446,24","R$ 67.453,05",0.0,,,,,,,0
68,QIRI11,Títulos e Val. Mob.,"R$ 3,90",11000.0,"R$ 0,66","0,86%","2,85%","5,44%","9,60%","0,95%","0,91%","0,80%","7,00%","6,81%","7,72%","-8,39%","R$ 13.441.852,95","R$ 89,61",0.04,,,,,,,0
69,QIRI11,Títulos e Val. Mob.,"R$ 3,99",54000.0,"R$ 0,66","0,86%","2,85%","5,44%","9,60%","0,95%","0,91%","0,80%","7,00%","6,81%","7,72%","-8,39%","R$ 13.441.852,95","R$ 89,61",0.04,,,,,,,0
70,QIRI11,Títulos e Val. Mob.,"R$ 4,13",9000.0,"R$ 0,66","0,86%","2,85%","5,44%","9,60%","0,95%","0,91%","0,80%","7,00%","6,81%","7,72%","-8,39%","R$ 13.441.852,95","R$ 89,61",0.05,,,,,,,0
71,QIRI11,Títulos e Val. Mob.,"R$ 4,11",26000.0,"R$ 0,66","0,86%","2,85%","5,44%","9,60%","0,95%","0,91%","0,80%","7,00%","6,81%","7,72%","-8,39%","R$ 13.441.852,95","R$ 89,61",0.05,,,,,,,0
72,QIRI11,Títulos e Val. Mob.,"R$ 4,23",107000.0,"R$ 0,66","0,86%","2,85%","5,44%","9,60%","0,95%","0,91%","0,80%","7,00%","6,81%","7,72%","-8,39%","R$ 13.441.852,95","R$ 89,61",0.05,,,,,,,0
73,QIRI11,Títulos e Val. Mob.,"R$ 3,85",133000.0,"R$ 0,66","0,86%","2,85%","5,44%","9,60%","0,95%","0,91%","0,80%","7,00%","6,81%","7,72%","-8,39%","R$ 13.441.852,95","R$ 89,61",0.04,,,,,,,0
74,QIRI11,Títulos e Val. Mob.,"R$ 4,10",97000.0,"R$ 0,66","0,86%","2,85%","5,44%","9,60%","0,95%","0,91%","0,80%","7,00%","6,81%","7,72%","-8,39%","R$ 13.441.852,95","R$ 89,61",0.05,,,,,,,0
75,AFOF11,Títulos e Val. Mob.,"R$ 91,60",7680.0,"R$ 1,08","1,18%","3,57%","7,22%","13,48%","1,19%","1,20%","1,12%","10,43%","0,00%","1,18%","12,90%","R$ 68.114.246,62","R$ 98,55",0.93,,,,,,,0
76,BLCP11,Outros,"R$ 91,00",1230.0,"R$ 0,56","0,62%","1,72%","3,46%","6,64%","0,57%","0,58%","0,55%","5,31%","-0,54%","0,08%","19,93%","R$ 256.580.339,90","R$ 111,74",0.81,"0,50%","-0,02%","0,49%","15,81%","6,20%",,2
77,RBCO11,Lajes Corporativas,"R$ 44,00",27170.0,"R$ 0,20","0,45%","1,50%","4,23%","8,64%","0,50%","0,70%","0,72%","7,12%","5,64%","6,12%","-15,03%","R$ 340.942.316,64","R$ 90,22",0.49,"0,22%","1,03%","1,25%","-7,08%","46,00%","50,00%",4
78,ERCR11,Híbrido,"R$ 89,10",1770.0,"R$ 139,45","0,00%","0,00%","0,00%","0,00%","0,00%","0,00%","0,00%",,"0,00%","0,00%","0,00%","R$ 160.268.446,24","R$ 67.453,05",0.0,,,,,,,0
79,ERCR11,Híbrido,"R$ 89,20",47790.0,"R$ 139,45","0,00%","0,00%","0,00%","0,00%","0,00%","0,00%","0,00%",,"0,00%","0,00%","0,00%","R$ 160.268.446,24","R$ 67.453,05",0.0,,,,,,,0
80,ERCR11,Híbrido,"R$ 88,55",27380.0,"R$ 139,45","0,00%","0,00%","0,00%","0,00%","0,00%","0,00%","0,00%",,"0,00%","0,00%","0,00%","R$ 160.268.446,24","R$ 67.453,05",0.0,,,,,,,0
81,ERCR11,Híbrido,"R$ 89,31",23150.0,"R$ 139,45","0,00%","0,00%","0,00%","0,00%","0,00%","0,00%","0,00%",,"0,00%","0,00%","0,00%","R$ 160.268.446,24","R$ 67.453,05",0.0,,,,,,,0
82,ERCR11,Híbrido,"R$ 88,83",61230.0,"R$ 139,45","0,00%","0,00%","0,00%","0,00%","0,00%","0,00%","0,00%",,"0,00%","0,00%","0,00%","R$ 160.268.446,24","R$ 67.453,05",0.0,,,,,,,0
83,ERCR11,Híbrido,"R$ 88,66",23500.0,"R$ 139,45","0,00%","0,00%","0,00%","0,00%","0,00%","0,00%","0,00%",,"0,00%","0,00%","0,00%","R$ 160.268.446,24","R$ 67.453,05",0.0,,,,,,,0
84,ERCR11,Híbrido,"R$ 88,30",97240.0,"R$ 139,45","0,00%","0,00%","0,00%","0,00%","0,00%","0,00%","0,00%",,"0,00%","0,00%","0,00%","R$ 160.268.446,24","R$ 67.453,05",0.0,,,,,,,0
85,ERCR11,Híbrido,"R$ 88,24",34880.0,"R$ 139,45","0,00%","0,00%","0,00%","0,00%","0,00%","0,00%","0,00%",,"0,00%","0,00%","0,00%","R$ 160.268.446,24","R$ 67.453,05",0.0,,,,,,,0
86,VVPR11,Híbrido,"R$ 101,50",22110.0,"R$ 0,89","0,88%","2,47%","4,88%","9,73%","0,82%","0,81%","0,81%","6,57%","2,01%","2,91%","15,95%","R$ 226.032.234,18","R$ 98,03",1.04,,,,,"0,00%",,6
87,MBRF11,Outros,"R$ 679,00",4380.0,"R$ 10,00","1,47%","4,42%","9,59%","17,77%","1,47%","1,60%","1,48%","16,27%","0,00%","1,47%","15,18%","R$ 115.182.102,81","R$ 1.132,97",0.6,,,,,"0,00%",,2
88,BTCR11,Títulos e Val. Mob.,"R$ 88,00",66630.0,"R$ 0,90","1,00%","2,93%","6,64%","13,56%","0,98%","1,11%","1,13%","11,59%","-6,19%","-5,26%","9,82%","R$ 458.252.683,73","R$ 95,27",0.92,"0,94%","0,64%","1,59%","4,62%",,,0
89,MCHY11,Títulos e Val. Mob.,"R$ 104,02",130.0,"R$ 1,40","1,34%","3,95%","7,77%","14,80%","1,32%","1,29%","1,23%","12,62%","-3,93%","-2,64%","6,73%","R$ 357.847.552,23","R$ 99,69",1.04,,,,,,,0
90,FLRP11,Shoppings,"R$ 1.638,99",10.0,"R$ 9,45","0,59%","1,89%","4,22%","8,51%","0,63%","0,70%","0,71%","7,26%","4,78%","5,40%","43,32%","R$ 113.003.220,48","R$ 1.732,33",0.95,,,,,"2,01%",,1
91,CNES11,Lajes Corporativas,"R$ 31,98",1370.0,"R$ 0,12","0,37%","1,07%","1,90%","3,75%","0,36%","0,32%","0,31%","2,95%","-0,19%","0,19%","-1,52%","R$ 263.957.120,08","R$ 89,50",0.36,,,,,"56,70%",,1
92,EDGA11,Lajes Corporativas,"R$ 18,10",19350.0,"R$ 0,15","0,85%","1,83%","3,95%","7,62%","0,61%","0,66%","0,64%","6,82%","-3,09%","-2,26%","-14,53%","R$ 252.142.355,54","R$ 66,14",0.27,,,,,"48,81%",,1
93,BTRA11,Outros,"R$ 84,00",99650.0,"R$ 0,85","1,02%","2,75%","5,21%","10,76%","0,92%","0,87%","0,90%","8,87%","-4,63%","-3,65%","-7,50%","R$ 348.636.630,43","R$ 103,62",0.81,,,,,,,0
94,PLOG11,Logística,"R$ 72,28",14730.0,"R$ 0,75","0,99%","2,89%","6,02%","12,26%","0,96%","1,00%","1,02%","11,29%","-4,94%","-4,00%","12,81%","R$ 75.296.076,09","R$ 100,39",0.72,"0,75%","-0,02%","0,72%","8,77%","20,40%",,1
95,RBHG11,Títulos e Val. Mob.,"R$ 84,00",20910.0,"R$ 1,08","1,25%","3,90%","8,46%","16,41%","1,30%","1,41%","1,37%","14,73%","-1,54%","-0,32%","12,85%","R$ 159.777.048,87","R$ 92,49",0.91,"1,17%","-0,80%","0,36%","9,87%",,,0
96,JFLL11,Residencial,"R$ 62,98",4040.0,"R$ 0,62","0,96%","2,68%","5,33%","10,23%","0,89%","0,89%","0,85%","9,42%","-10,58%","-9,72%","-10,08%","R$ 150.791.406,37","R$ 100,49",0.63,"0,62%","0,03%","0,65%","7,43%","28,00%",,2
97,HUSI11,Hospital,"R$ 1.140,50",20.0,"R$ 8,76","0,77%","2,26%","0,00%","0,00%","0,75%","0,00%","0,00%","3,01%","0,04%","0,81%","9,73%","R$ 115.392.926,82","R$ 991,67",1.15,"0,88%","-0,83%","0,05%","4,33%",,,0
98,CXTL11,Logística,"R$ 350,00",500.0,"R$ 1,40","0,40%","1,00%","1,67%","2,91%","0,33%","0,28%","0,24%","1,42%","-12,50%","-12,15%","-14,10%","R$ 36.815.210,91","R$ 686,89",0.51,"0,20%","-1,86%","-1,66%","-1,49%","61,00%",,3
99,HGAG11,,"R$ 101,99",120.0,"R$ 1,20","1,16%","1,16%","0,00%","0,00%","0,39%","0,00%","0,00%","1,16%","0,00%","1,16%","1,16%",,,,,,,,,,0
100,MFAI11,Híbrido,"R$ 57,75",4770.0,"R$ 0,43","0,69%","2,79%","5,29%","12,36%","0,93%","0,88%","1,03%","10,92%","-9,21%","-8,58%","-7,82%","R$ 22.278.514,76","R$ 70,49",0.82,"0,61%","-8,86%","-8,30%","-6,29%",,,0
101,LSAG11,,"R$ 109,42",1200.0,"R$ 1,76","1,48%","1,48%","0,00%","0,00%","0,49%","0,00%","0,00%","1,48%","0,00%","1,48%","1,48%",,,,,,,,,,0
102,PLCA11,,"R$ 95,99",11870.0,"R$ 1,07","1,13%","0,00%","0,00%","0,00%","0,00%","0,00%","0,00%","1,13%","0,00%","1,13%","1,13%",,,,,,,,,,0
103,RNGO11,Lajes Corporativas,"R$ 46,87",26120.0,"R$ 0,43","0,90%","2,61%","5,22%","9,61%","0,87%","0,87%","0,80%","8,95%","-3,51%","-2,63%","2,04%","R$ 234.642.811,87","R$ 87,68",0.53,"0,49%","-0,02%","0,47%","5,37%","24,10%",,3
104,RURA11,,"R$ 10,05",1213450.0,"R$ 0,11","1,06%","1,06%","0,00%","0,00%","0,35%","0,00%","0,00%","1,06%","0,00%","1,06%","1,06%",,,,,,,,,,0
105,HSAF11,Títulos e Val. Mob.,"R$ 77,98",60200.0,"R$ 0,60","0,72%","3,11%","6,50%","13,90%","1,04%","1,08%","1,16%","13,90%","-0,80%","-0,08%","-3,34%","R$ 231.297.015,87","R$ 91,55",0.85,"0,66%","-0,67%","-0,02%","8,39%",,,0
106,MFII11,Híbrido,"R$ 93,68",36030.0,"R$ 1,11","1,15%","3,40%","6,86%","13,46%","1,13%","1,14%","1,12%","12,34%","-2,25%","-1,12%","-1,04%","R$ 410.920.497,69","R$ 99,09",0.95,"1,12%","-1,83%","-0,73%","2,53%",,,9
107,RZAG11,Títulos e Val. Mob.,"R$ 9,49",2088540.0,"R$ 0,11","1,11%","3,75%","7,73%","14,33%","1,25%","1,29%","1,19%","13,48%","-4,90%","-3,85%","15,03%","R$ 650.317.000,88","R$ 9,56",0.99,"1,36%","0,26%","1,63%","12,47%",,,0
108,XPCA11,Títulos e Val. Mob.,"R$ 9,56",1691000.0,"R$ 0,12","1,20%","3,93%","7,94%","0,00%","1,31%","1,32%","0,00%","14,27%","-2,44%","-1,27%","19,28%","R$ 203.824.165,66","R$ 9,49",1.01,"1,48%","-0,14%","1,34%","12,47%",,,0
109,EDFO11B,Lajes Corporativas,"R$ 196,02",20.0,"R$ 1,64","0,75%","2,56%","5,08%","9,29%","0,85%","0,85%","0,77%","8,58%","10,60%","11,43%","10,95%","R$ 45.269.820,27","R$ 191,82",1.02,"0,86%","-0,03%","0,82%","7,83%","7,10%",,1
110,PORD11,Títulos e Val. Mob.,"R$ 89,72",74820.0,"R$ 0,90","0,99%","3,09%","7,03%","15,57%","1,03%","1,17%","1,30%","15,57%","-4,19%","-3,25%","12,51%","R$ 363.888.508,94","R$ 97,60",0.92,"0,92%","-0,27%","0,65%","9,21%",,,0
111,BARI11,Títulos e Val. Mob.,"R$ 85,27",108960.0,"R$ 0,90","0,96%","3,06%","7,00%","14,20%","1,02%","1,17%","1,18%","12,90%","-0,81%","0,14%","2,11%","R$ 461.681.838,32","R$ 99,63",0.86,"0,90%","-0,70%","0,19%","8,18%",,,0
112,JGPX11,Híbrido,"R$ 95,64",15250.0,"R$ 1,15","1,19%","3,57%","6,95%","0,00%","1,19%","1,16%","0,00%","12,88%","-0,11%","1,07%","13,67%","R$ 81.392.049,67","R$ 95,97",1.0,"1,17%","0,08%","1,25%","10,88%",,,0
113,BBIM11,Títulos e Val. Mob.,,,"R$ 0,43","0,00%","0,00%","0,00%","0,00%","0,00%","0,00%","0,00%",,"0,00%","0,00%","0,00%","R$ 31.417.779,17","R$ 30,36",,"1,42%","-2,38%","-1,00%","-30,31%",,,0
114,RBHY11,Títulos e Val. Mob.,"R$ 93,26",4600.0,"R$ 1,20","1,25%","3,90%","8,34%","16,67%","1,30%","1,39%","1,39%","14,73%","-1,25%","-0,02%","8,07%","R$ 179.013.107,06","R$ 94,54",0.99,"1,27%","-0,77%","0,49%","12,61%",,,0
115,CXCE11B,Outros,"R$ 40,37",8560.0,"R$ 0,45","1,07%","3,09%","5,85%","11,00%","1,03%","0,98%","0,92%","10,18%","-0,52%","0,55%","2,92%","R$ 110.989.765,24","R$ 64,79",0.62,"0,70%","-0,04%","0,66%","-0,68%","0,00%",,1
116,BBGO11,Títulos e Val. Mob.,"R$ 78,51",46040.0,"R$ 0,80","0,94%","3,07%","5,79%","0,00%","1,02%","0,96%","0,00%","8,16%","0,44%","1,38%","5,60%","R$ 392.249.829,74","R$ 97,94",0.8,"1,02%","-0,09%","0,93%","8,10%",,,0
117,KNCA11,Títulos e Val. Mob.,"R$ 106,98",181070.0,"R$ 1,40","1,32%","3,94%","7,60%","0,00%","1,31%","1,27%","0,00%","12,15%","-2,19%","-0,90%","8,91%","R$ 827.704.658,59","R$ 102,19",1.05,"1,42%","0,07%","1,49%","11,27%",,,0
118,VCRA11,Títulos e Valores Mobiliários,"R$ 105,49",1920.0,"R$ 1,40","1,31%","1,31%","0,00%","0,00%","0,44%","0,00%","0,00%","1,31%","0,00%","1,31%","1,31%","R$ 201.093.976,91","R$ 102,38",1.03,"1,47%","0,00%","1,47%","1,47%",,,0
119,RMAI11,Lajes Corporativas,"R$ 44,78",60.0,"R$ 0,26","0,55%","1,71%","3,83%","7,84%","0,57%","0,64%","0,65%","7,84%","4,22%","4,80%","26,77%","R$ 264.027.689,75","R$ 108,04",0.41,"0,24%","-0,05%","0,19%","2,15%","23,44%",,1
120,CYCR11,Títulos e Val. Mob.,"R$ 8,42",278610.0,"R$ 0,10","1,16%","3,53%","6,80%","14,60%","1,18%","1,13%","1,22%","12,91%","2,49%","3,68%","-90,27%","R$ 155.109.836,70","R$ 95,07",0.09,"0,11%","-0,69%","-0,59%","6,16%",,,0
121,HCHG11,Outros,"R$ 86,30",120.0,"R$ 1,00","1,14%","3,43%","6,77%","12,56%","1,14%","1,13%","1,05%","11,65%","-1,55%","-0,43%","11,04%","R$ 120.079.298,44","R$ 100,07",0.86,"1,00%","-0,38%","0,61%","13,16%",,,0
122,SPTW11,Lajes Corporativas,"R$ 40,39",32500.0,"R$ 0,42","1,05%","2,90%","5,71%","11,08%","0,97%","0,95%","0,92%","10,22%","-7,57%","-6,60%","-1,85%","R$ 95.616.447,81","R$ 53,18",0.76,"0,79%","0,09%","0,88%","8,73%","0,00%",,1
123,RBRD11,Híbrido,"R$ 34,96",28130.0,"R$ 0,30","0,81%","2,31%","5,00%","10,45%","0,77%","0,83%","0,87%","10,03%","-5,76%","-4,99%","-4,93%","R$ 126.703.668,81","R$ 68,42",0.51,"0,44%","0,05%","0,49%","0,83%","15,52%",,4
124,SADI11,Títulos e Val. Mob.,"R$ 90,90",35070.0,"R$ 1,05","1,16%","3,48%","6,98%","13,15%","1,16%","1,16%","1,10%","13,15%","0,53%","1,70%","13,68%","R$ 315.484.399,19","R$ 99,20",0.92,"1,06%","-0,88%","0,17%","9,92%",,,0
125,HBRH11,Híbrido,"R$ 84,97",1920.0,"R$ 0,61","0,65%","1,95%","4,25%","9,58%","0,65%","0,71%","0,80%","8,54%","-2,71%","-2,08%","12,34%","R$ 314.051.483,60","R$ 113,29",0.75,"0,53%","0,10%","0,63%","7,47%",,,3
126,VOTS11,Títulos e Val. Mob.,"R$ 79,93",910.0,"R$ 0,86","1,07%","2,88%","6,66%","14,20%","0,96%","1,11%","1,18%","13,32%","-4,40%","-3,38%","8,84%","R$ 77.446.050,20","R$ 93,54",0.85,"0,92%","-1,43%","-0,53%","8,00%",,,0
127,IDFI11,Híbrido,"R$ 51,99",1870.0,"R$ 0,29","0,55%","1,54%","5,94%","14,29%","0,51%","0,99%","1,19%","12,64%","-16,08%","-15,62%","-42,14%","R$ 122.800.198,55","R$ 59,67",0.87,"0,48%","-1,60%","-1,13%","-18,15%",,,0
128,RBRS11,Híbrido,"R$ 53,91",1520.0,"R$ 0,48","0,87%","2,20%","4,59%","8,71%","0,73%","0,77%","0,73%","8,06%","-10,75%","-9,97%","-11,64%","R$ 163.288.355,92","R$ 94,15",0.57,"0,51%","5,05%","5,58%","5,52%",,,0
129,BPFF11,Títulos e Val. Mob.,"R$ 62,51",58140.0,"R$ 0,62","0,96%","2,87%","6,25%","11,97%","0,96%","1,04%","1,00%","11,13%","-6,52%","-5,62%","4,90%","R$ 333.701.530,45","R$ 74,28",0.84,"0,83%","-5,10%","-4,31%","3,18%",,,0
130,PLCR11,Híbrido,"R$ 82,22",81690.0,"R$ 1,00","1,17%","3,68%","7,86%","15,10%","1,23%","1,31%","1,26%","13,97%","-1,88%","-0,72%","10,70%","R$ 191.604.396,10","R$ 90,84",0.91,"1,10%","-1,64%","-0,56%","9,06%",,,0
131,SPVJ11,Outros,"R$ 69,40",5500.0,"R$ 0,67","0,97%","1,93%","1,93%","1,93%","0,64%","0,32%","0,16%","1,93%","-0,62%","0,35%","1,31%","R$ 737.010.972,76","R$ 116,76",0.59,"0,57%","0,08%","0,66%","16,02%",,,0
132,SPVJ11,Outros,"R$ 69,11",2840.0,"R$ 0,67","0,97%","1,93%","1,93%","1,93%","0,64%","0,32%","0,16%","1,93%","-0,62%","0,35%","1,31%","R$ 737.010.972,76","R$ 116,76",0.59,"0,57%","0,08%","0,66%","16,02%",,,0
133,SPVJ11,Outros,"R$ 69,31",2740.0,"R$ 0,67","0,97%","1,93%","1,93%","1,93%","0,64%","0,32%","0,16%","1,93%","-0,62%","0,35%","1,31%","R$ 737.010.972,76","R$ 116,76",0.59,"0,57%","0,08%","0,66%","16,02%",,,0
134,SPVJ11,Outros,"R$ 69,68",2750.0,"R$ 0,67","0,97%","1,93%","1,93%","1,93%","0,64%","0,32%","0,16%","1,93%","-0,62%","0,35%","1,31%","R$ 737.010.972,76","R$ 116,76",0.6,"0,57%","0,08%","0,66%","16,02%",,,0
135,SPVJ11,Outros,"R$ 69,47",5780.0,"R$ 0,67","0,97%","1,93%","1,93%","1,93%","0,64%","0,32%","0,16%","1,93%","-0,62%","0,35%","1,31%","R$ 737.010.972,76","R$ 116,76",0.59,"0,57%","0,08%","0,66%","16,02%",,,0
136,SPVJ11,Outros,"R$ 69,34",1820.0,"R$ 0,67","0,97%","1,93%","1,93%","1,93%","0,64%","0,32%","0,16%","1,93%","-0,62%","0,35%","1,31%","R$ 737.010.972,76","R$ 116,76",0.59,"0,57%","0,08%","0,66%","16,02%",,,0
137,SPVJ11,Outros,"R$ 69,45",2350.0,"R$ 0,67","0,97%","1,93%","1,93%","1,93%","0,64%","0,32%","0,16%","1,93%","-0,62%","0,35%","1,31%","R$ 737.010.972,76","R$ 116,76",0.59,"0,57%","0,08%","0,66%","16,02%",,,0
138,SPVJ11,Outros,"R$ 69,47",7350.0,"R$ 0,67","0,97%","1,93%","1,93%","1,93%","0,64%","0,32%","0,16%","1,93%","-0,62%","0,35%","1,31%","R$ 737.010.972,76","R$ 116,76",0.59,"0,57%","0,08%","0,66%","16,02%",,,0
139,SPVJ11,Outros,"R$ 69,07",3870.0,"R$ 0,67","0,97%","1,93%","1,93%","1,93%","0,64%","0,32%","0,16%","1,93%","-0,62%","0,35%","1,31%","R$ 737.010.972,76","R$ 116,76",0.59,"0,57%","0,08%","0,66%","16,02%",,,0
140,KNIP11,Títulos e Val. Mob.,"R$ 88,70",1227280.0,"R$ 0,50","0,55%","1,25%","4,43%","12,85%","0,42%","0,74%","1,07%","11,43%","-3,82%","-3,29%","-2,10%","R$ 7.645.646.524,33","R$ 94,80",0.94,"0,53%","-1,90%","-1,38%","9,16%",,,0
141,KNCR11,Títulos e Val. Mob.,"R$ 97,50",1589840.0,"R$ 1,10","1,11%","3,40%","6,98%","12,65%","1,13%","1,16%","1,05%","12,65%","-0,90%","0,20%","9,22%","R$ 5.747.307.324,41","R$ 100,66",0.97,"1,09%","-0,02%","1,08%","11,76%",,,0
142,VLOL11,Lajes Corporativas,"R$ 96,02",2370.0,"R$ 0,61","0,60%","1,74%","3,44%","6,91%","0,58%","0,57%","0,58%","6,35%","-3,61%","-3,03%","16,25%","R$ 184.940.072,85","R$ 103,62",0.93,"0,59%","-0,02%","0,57%","5,31%","0,00%",,1
143,JSAF11,Títulos e Val. Mob.,"R$ 85,08",34840.0,"R$ 0,93","1,13%","3,17%","6,52%","0,00%","1,06%","1,09%","0,00%","12,01%","-12,40%","-11,41%","12,19%","R$ 148.073.844,41","R$ 94,13",0.9,"0,99%","-4,06%","-3,12%","7,12%",,,0
144,VILG11,Logística,"R$ 95,81",222860.0,"R$ 0,72","0,70%","2,03%","4,21%","8,35%","0,68%","0,70%","0,70%","7,68%","-6,31%","-5,65%","7,96%","R$ 1.704.831.705,48","R$ 113,68",0.84,"0,63%","-0,28%","0,35%","6,85%","0,00%",,16
145,RBED11,Outros,"R$ 117,75",27440.0,"R$ 1,23","1,00%","2,86%","5,78%","11,25%","0,95%","0,96%","0,94%","10,42%","-6,67%","-5,74%","13,61%","R$ 317.006.279,24","R$ 144,36",0.82,"0,85%","2,26%","3,13%","11,72%","0,00%",,5
146,RBVA11,Outros,"R$ 91,57",80340.0,"R$ 1,07","1,16%","3,38%","6,74%","12,39%","1,13%","1,12%","1,03%","11,50%","-4,19%","-3,08%","4,70%","R$ 1.195.827.465,24","R$ 103,19",0.89,"1,04%","0,12%","1,16%","11,23%","0,70%",,72
147,CXAG11,Outros,"R$ 76,20",17920.0,"R$ 0,75","0,97%","2,84%","5,89%","0,00%","0,95%","0,98%","0,00%","9,79%","-4,03%","-3,10%","11,92%","R$ 240.047.750,46","R$ 114,82",0.66,"0,65%","0,04%","0,70%","18,24%",,,0
148,XPHT11,Hotel,"R$ 107,80",20260.0,"R$ 1,50","1,32%","4,11%","5,62%","7,41%","1,37%","0,94%","0,62%","6,01%","4,37%","5,74%","23,39%","R$ 358.343.595,71","R$ 94,19",1.14,"1,59%","-0,08%","1,51%","6,74%","64,90%",,5
149,RBVO11,Outros,"R$ 10,30",2850.0,"R$ 0,02","0,18%","0,63%","1,65%","3,53%","0,21%","0,27%","0,29%","3,12%","-0,54%","-0,36%","-7,49%","R$ 8.957.446,15","R$ 17,37",0.59,"0,12%","-0,59%","-0,47%","-22,44%",,,0
150,KINP11,Residencial,"R$ 8,07",94360.0,"R$ 0,24","2,96%","5,85%","12,24%","0,00%","1,95%","2,04%","0,00%","19,17%","-12,00%","-9,40%","-30,81%","R$ 34.338.416,73","R$ 4,80",1.68,"5,01%","-6,28%","-1,58%","1,04%",,,0
151,HTMX11,Hotel,"R$ 109,99",17750.0,"R$ 1,27","1,13%","2,70%","3,50%","6,15%","0,90%","0,58%","0,51%","2,70%","-3,26%","-2,17%","2,74%","R$ 197.844.728,70","R$ 131,52",0.84,"0,97%","-0,42%","0,55%","7,47%","65,00%",,23
152,VCRR11,Residencial,"R$ 69,40",5350.0,"R$ 0,67","0,93%","2,64%","5,36%","10,71%","0,88%","0,89%","0,89%","9,86%","-4,77%","-3,88%","2,34%","R$ 240.055.982,84","R$ 120,03",0.58,"0,56%","0,06%","0,62%","6,67%",,,0
153,HUSC11,Outros,"R$ 105,00",60.0,"R$ 0,87","0,82%","2,35%","5,19%","9,02%","0,78%","0,87%","0,75%","8,53%","-10,17%","-9,43%","2,82%","R$ 116.140.135,50","R$ 146,16",0.72,"0,60%","2,35%","2,96%","7,11%",,,0
154,NEWL11,Híbrido,"R$ 91,92",10540.0,"R$ 0,90","0,93%","2,71%","6,37%","11,69%","0,90%","1,06%","0,97%","10,37%","-4,36%","-3,47%","4,38%","R$ 245.981.102,26","R$ 120,99",0.76,"0,74%","-0,31%","0,44%","13,74%","0,00%",,2
155,HSRE11,Híbrido,"R$ 102,50",20.0,"R$ 0,63","0,62%","1,87%","3,69%","7,37%","0,62%","0,61%","0,61%","6,49%","0,65%","1,28%","8,28%","R$ 819.397.969,15","R$ 96,20",1.07,"0,65%","-0,04%","0,62%","5,83%","0,00%",,29
156,QAMI11,Híbrido,"R$ 82,28",1690.0,"R$ 0,80","0,98%","2,89%","6,63%","14,76%","0,96%","1,10%","1,23%","13,17%","-2,95%","-2,00%","-6,16%","R$ 73.333.958,70","R$ 91,51",0.9,"0,87%","-1,61%","-0,75%","10,69%",,,0
157,OUJP11,Títulos e Val. Mob.,"R$ 95,93",108400.0,"R$ 1,20","1,26%","3,80%","8,07%","15,94%","1,27%","1,34%","1,33%","14,91%","-0,14%","1,12%","20,84%","R$ 325.029.599,13","R$ 99,94",0.96,"1,20%","-1,18%","0,01%","13,55%",,,0
158,VGHF11,Títulos e Val. Mob.,"R$ 9,00",2244060.0,"R$ 0,10","1,11%","2,98%","6,70%","15,68%","0,99%","1,12%","1,31%","13,88%","-5,67%","-4,62%","0,17%","R$ 671.782.012,91","R$ 9,22",0.98,"1,08%","-1,70%","-0,64%","12,47%",,,0
159,LGCP11,Logística,"R$ 77,97",14310.0,"R$ 0,62","0,76%","2,22%","4,53%","8,98%","0,74%","0,76%","0,75%","8,30%","-3,09%","-2,35%","8,23%","R$ 280.911.914,99","R$ 102,79",0.76,"0,60%","0,02%","0,62%","7,54%","0,50%",,5
160,KFOF11,Títulos e Val. Mob.,"R$ 74,00",112550.0,"R$ 0,72","0,88%","2,47%","4,99%","10,21%","0,82%","0,83%","0,85%","10,21%","-8,80%","-7,99%","40,75%","R$ 417.351.938,43","R$ 92,06",0.8,"0,78%","-6,43%","-5,70%","6,11%",,,0
161,HSML11,Shoppings,"R$ 78,98",306540.0,"R$ 0,68","0,83%","2,36%","4,76%","9,16%","0,79%","0,79%","0,76%","8,52%","-8,76%","-8,00%","16,40%","R$ 1.536.624.397,06","R$ 97,37",0.81,"0,70%","-0,19%","0,51%","4,26%","4,50%",,6
162,XPCI11,Outros,"R$ 79,02",278310.0,"R$ 0,60","0,71%","2,48%","5,69%","12,66%","0,83%","0,95%","1,06%","11,66%","-2,86%","-2,17%","-2,35%","R$ 814.711.734,76","R$ 93,63",0.84,"0,64%","-1,97%","-1,34%","10,11%",,,0
163,BRCO11,Logística,"R$ 94,19",450050.0,"R$ 0,70","0,68%","1,96%","4,04%","7,85%","0,65%","0,67%","0,65%","7,24%","-6,35%","-5,71%","13,32%","R$ 1.796.316.141,41","R$ 121,55",0.77,"0,58%","2,01%","2,60%","8,31%","0,00%","0,00%",10
164,VINO11,Lajes Corporativas,"R$ 45,50",285240.0,"R$ 0,34","0,69%","2,05%","4,26%","8,60%","0,68%","0,71%","0,72%","7,72%","-1,58%","-0,90%","2,89%","R$ 892.828.948,06","R$ 53,90",0.84,"0,63%","-0,44%","0,18%","4,17%","4,20%",,9
165,PQDP11,Shoppings,"R$ 2.010,01",270.0,"R$ 16,64","0,78%","2,40%","4,52%","8,85%","0,80%","0,75%","0,74%","6,84%","-5,33%","-4,59%","11,83%","R$ 813.718.968,26","R$ 3.314,36",0.61,"0,50%","0,07%","0,57%","1,70%","3,60%",,1
166,BBPO11,Lajes Corporativas,"R$ 84,80",299950.0,"R$ 0,92","1,03%","3,02%","6,31%","12,29%","1,01%","1,05%","1,02%","11,34%","-3,89%","-2,90%","6,28%","R$ 1.597.919.446,83","R$ 100,37",0.84,"0,92%","0,06%","0,98%","15,85%","0,00%","0,00%",64
167,BCIA11,Títulos e Val. Mob.,"R$ 82,36",44390.0,"R$ 0,76","0,90%","2,55%","5,15%","9,98%","0,85%","0,86%","0,83%","9,24%","-7,64%","-6,81%","7,32%","R$ 376.215.413,97","R$ 101,16",0.81,"0,75%","-5,66%","-4,95%","4,65%",,,0
168,GESE11B,Outros,"R$ 73,97",3120.0,"R$ 14,04","18,78%","18,78%","18,78%","0,00%","6,26%","3,13%","0,00%","18,78%","0,00%","18,78%","18,78%","R$ 91.931.589,50","R$ 1.767,92",0.04,"0,79%","0,00%","0,79%","2,41%",,,0
169,GESE11B,Outros,"R$ 73,81",16840.0,"R$ 14,04","18,78%","18,78%","18,78%","0,00%","6,26%","3,13%","0,00%","18,78%","0,00%","18,78%","18,78%","R$ 91.931.589,50","R$ 1.767,92",0.04,"0,79%","0,00%","0,79%","2,41%",,,0
170,GESE11B,Outros,"R$ 74,50",6280.0,"R$ 14,04","18,78%","18,78%","18,78%","0,00%","6,26%","3,13%","0,00%","18,78%","0,00%","18,78%","18,78%","R$ 91.931.589,50","R$ 1.767,92",0.04,"0,79%","0,00%","0,79%","2,41%",,,0
171,GESE11B,Outros,"R$ 74,64",5260.0,"R$ 14,04","18,78%","18,78%","18,78%","0,00%","6,26%","3,13%","0,00%","18,78%","0,00%","18,78%","18,78%","R$ 91.931.589,50","R$ 1.767,92",0.04,"0,79%","0,00%","0,79%","2,41%",,,0
172,GESE11B,Outros,"R$ 74,48",4340.0,"R$ 14,04","18,78%","18,78%","18,78%","0,00%","6,26%","3,13%","0,00%","18,78%","0,00%","18,78%","18,78%","R$ 91.931.589,50","R$ 1.767,92",0.04,"0,79%","0,00%","0,79%","2,41%",,,0
173,GESE11B,Outros,"R$ 74,35",5410.0,"R$ 14,04","18,78%","18,78%","18,78%","0,00%","6,26%","3,13%","0,00%","18,78%","0,00%","18,78%","18,78%","R$ 91.931.589,50","R$ 1.767,92",0.04,"0,79%","0,00%","0,79%","2,41%",,,0
174,GESE11B,Outros,"R$ 74,27",6020.0,"R$ 14,04","18,78%","18,78%","18,78%","0,00%","6,26%","3,13%","0,00%","18,78%","0,00%","18,78%","18,78%","R$ 91.931.589,50","R$ 1.767,92",0.04,"0,79%","0,00%","0,79%","2,41%",,,0
175,GESE11B,Outros,"R$ 74,75",5130.0,"R$ 14,04","18,78%","18,78%","18,78%","0,00%","6,26%","3,13%","0,00%","18,78%","0,00%","18,78%","18,78%","R$ 91.931.589,50","R$ 1.767,92",0.04,"0,79%","0,00%","0,79%","2,41%",,,0
176,BICE11,Títulos e Val. Mob.,"R$ 950,00",6570.0,"R$ 16,00","1,68%","0,00%","0,00%","0,00%","0,00%","0,00%","0,00%","1,68%","0,00%","1,68%","1,68%","R$ 21.446.128,25","R$ 1.017,80",0.93,"1,57%","5,06%","6,71%","8,19%",,,0
177,KNSC11,Títulos e Val. Mob.,"R$ 85,30",561500.0,"R$ 0,75","0,88%","2,04%","5,01%","12,55%","0,68%","0,84%","1,05%","11,11%","-4,19%","-3,34%","-4,72%","R$ 1.176.250.630,59","R$ 88,60",0.96,"0,85%","-1,15%","-0,31%","9,95%",,,0
178,RBFF11,Títulos e Val. Mob.,"R$ 50,89",43720.0,"R$ 0,51","0,97%","2,81%","5,50%","10,92%","0,94%","0,92%","0,91%","10,10%","-5,58%","-4,66%","4,78%","R$ 239.928.753,34","R$ 63,99",0.8,"0,80%","-4,94%","-4,19%","6,43%",,,0
179,SDIL11,Logística,"R$ 91,15",85130.0,"R$ 0,82","0,89%","2,55%","5,05%","10,11%","0,85%","0,84%","0,84%","9,28%","-3,39%","-2,53%","16,68%","R$ 628.810.333,38","R$ 98,33",0.93,"0,83%","-0,22%","0,61%","9,86%","2,60%",,5
180,PQAG11,Logística,"R$ 55,00",240.0,"R$ 0,44","0,79%","2,36%","4,55%","8,71%","0,79%","0,76%","0,73%","8,04%","2,73%","3,54%","7,36%","R$ 801.384.144,58","R$ 57,27",0.96,"0,77%","-0,03%","0,74%","9,04%","0,00%",,1
181,VCJR11,Títulos e Val. Mob.,"R$ 88,71",188170.0,"R$ 0,43","0,48%","0,91%","4,03%","12,43%","0,30%","0,67%","1,04%","10,86%","-3,39%","-2,92%","2,13%","R$ 1.386.004.425,36","R$ 94,13",0.94,"0,46%","-1,54%","-1,09%","11,45%",,,0
182,WPLZ11,Shoppings,"R$ 78,50",430.0,"R$ 0,60","0,71%","1,96%","3,83%","6,36%","0,65%","0,64%","0,53%","5,84%","6,00%","6,75%","25,29%","R$ 105.130.234,67","R$ 102,99",0.76,"0,58%","0,06%","0,64%","4,68%","11,00%",,1
183,NVHO11,Hospital,"R$ 9,80",7350.0,"R$ 0,08","0,84%","2,41%","4,60%","8,10%","0,80%","0,77%","0,67%","6,78%","-4,86%","-4,06%","2,95%","R$ 529.260.583,43","R$ 12,75",0.77,"0,65%","0,05%","0,70%","6,35%",,,1
184,RNDP11,Títulos e Val. Mob.,"R$ 146,18",430.0,"R$ 0,77","0,51%","2,22%","5,14%","10,27%","0,74%","0,86%","0,86%","9,64%","-41,06%","-40,76%","-72,29%","R$ 20.370.268,04","R$ 189,52",0.77,"0,41%","-40,99%","-40,75%","-69,57%",,,0
185,KNRI11,Híbrido,"R$ 137,86",261580.0,"R$ 0,91","0,64%","1,87%","3,77%","7,45%","0,62%","0,63%","0,62%","6,83%","-2,27%","-1,64%","14,86%","R$ 3.867.931.624,08","R$ 160,12",0.86,"0,57%","-0,09%","0,47%","7,86%","2,00%","6,72%",20
186,VIUR11,Títulos e Val. Mob.,"R$ 7,14",769850.0,"R$ 0,07","0,99%","2,78%","5,67%","11,39%","0,93%","0,95%","0,95%","10,48%","-8,56%","-7,66%","-89,40%","R$ 256.267.930,82","R$ 9,51",0.75,"0,76%","-0,12%","0,64%","-89,31%","0,00%",,6
187,LUGG11,Residencial,"R$ 70,50",1240.0,"R$ 0,52","0,72%","2,09%","4,10%","8,21%","0,70%","0,68%","0,68%","7,56%","-6,67%","-5,99%","-10,45%","R$ 115.118.749,86","R$ 127,87",0.55,"0,41%","0,07%","0,48%","7,38%","2,40%",,4
188,TGAR11,Outros,"R$ 115,26",267450.0,"R$ 1,50","1,24%","3,76%","7,69%","14,34%","1,25%","1,28%","1,20%","13,33%","-2,72%","-1,51%","12,36%","R$ 1.296.364.862,05","R$ 114,63",1.01,"1,31%","-2,00%","-0,72%","-0,98%",,,0
189,HLOG11,Logística,"R$ 85,40",4930.0,"R$ 0,65","0,71%","2,07%","4,23%","8,47%","0,69%","0,70%","0,71%","7,81%","-2,08%","-1,38%","6,76%","R$ 471.945.228,55","R$ 111,05",0.77,"0,59%","-0,07%","0,51%","5,12%","58,00%","0,00%",3
190,PLRI11,Títulos e Val. Mob.,"R$ 24,00",4520.0,"R$ 0,12","0,54%","2,48%","4,06%","12,01%","0,83%","0,68%","1,00%","11,49%","-2,35%","-1,83%","-35,12%","R$ 31.458.226,66","R$ 32,96",0.73,"0,36%","-1,08%","-0,73%","-14,02%",,,0
191,BBRC11,Outros,"R$ 93,49",19640.0,"R$ 0,99","1,03%","3,00%","5,94%","11,54%","1,00%","0,99%","0,96%","10,70%","-4,09%","-3,10%","6,60%","R$ 169.528.869,45","R$ 106,62",0.88,"0,93%","-0,09%","0,84%","9,30%","5,37%","1,08%",20
192,RRCI11,Títulos e Val. Mob.,"R$ 85,33",411800.0,"R$ 0,90","1,04%","3,46%","7,72%","16,26%","1,15%","1,29%","1,36%","16,26%","3,78%","4,86%","16,47%","R$ 45.496.558,40","R$ 94,44",0.9,"0,95%","-1,49%","-0,56%","10,78%",,,0
193,ATSA11,Shoppings,"R$ 80,50",20.0,"R$ 0,05","0,06%","0,19%","0,78%","2,61%","0,06%","0,13%","0,22%","0,19%","2,62%","2,68%","-2,36%","R$ 158.451.008,63","R$ 90,48",0.89,"0,06%","0,17%","0,22%","0,83%","21,90%",,1
194,VTLT11,Logística,"R$ 95,00",63190.0,"R$ 0,83","0,88%","2,59%","5,32%","10,56%","0,86%","0,89%","0,88%","9,78%","-3,68%","-2,83%","12,83%","R$ 217.798.220,61","R$ 102,98",0.92,"0,81%","0,05%","0,86%","8,91%","0,00%","0,00%",1
195,BCRI11,Títulos e Val. Mob.,"R$ 92,89",80790.0,"R$ 1,00","1,03%","3,07%","6,90%","14,09%","1,02%","1,15%","1,17%","12,84%","-5,28%","-4,31%","-0,72%","R$ 630.434.754,76","R$ 100,74",0.92,"0,99%","-0,93%","0,05%","6,21%",,,0
196,TEPP11,Lajes Corporativas,"R$ 67,58",96780.0,"R$ 0,50","0,67%","1,87%","3,87%","8,00%","0,62%","0,65%","0,67%","7,32%","-6,10%","-5,48%","9,93%","R$ 380.930.502,55","R$ 90,23",0.75,"0,55%","-0,09%","0,46%","4,65%","9,06%","18,03%",5
197,PATC11,Lajes Corporativas,"R$ 68,00",26960.0,"R$ 0,28","0,39%","1,44%","3,77%","6,54%","0,48%","0,63%","0,54%","6,07%","-5,71%","-5,34%","16,85%","R$ 275.074.888,50","R$ 79,10",0.86,"0,35%","-7,17%","-6,84%","-4,71%","21,90%","18,90%",6
198,APTO11,Híbrido,"R$ 8,79",30620.0,"R$ 0,10","1,14%","3,23%","6,93%","0,00%","1,08%","1,16%","0,00%","12,21%","-3,72%","-2,63%","-1,73%","R$ 39.999.841,80","R$ 9,97",0.88,"1,00%","-0,78%","0,22%","13,14%",,,0
199,HSLG11,Logística,"R$ 85,43",51860.0,"R$ 0,70","0,79%","2,27%","4,56%","8,74%","0,76%","0,76%","0,73%","8,14%","-5,27%","-4,53%","7,36%","R$ 1.332.098.024,31","R$ 105,22",0.81,"0,67%","-0,05%","0,62%","0,99%","1,10%",,5
200,MALL11,Shoppings,"R$ 102,98",172230.0,"R$ 0,78","0,74%","2,19%","4,35%","8,63%","0,73%","0,72%","0,72%","7,96%","-4,08%","-3,37%","18,52%","R$ 815.447.626,24","R$ 107,86",0.95,"0,72%","1,59%","2,33%","3,97%","4,00%",,8
201,PVBI11,Lajes Corporativas,"R$ 87,01",222300.0,"R$ 0,57","0,63%","1,79%","3,60%","7,31%","0,60%","0,60%","0,61%","5,43%","-5,40%","-4,80%","11,45%","R$ 1.040.547.991,88","R$ 103,65",0.84,"0,55%","4,63%","5,20%","8,21%","0,10%",,4
202,STRX11,Híbrido,"R$ 22,96",31800000.0,"R$ 0,71","3,09%","3,81%","3,81%","3,81%","1,27%","0,64%","0,32%","3,81%","-79,13%","-78,48%","-78,33%","R$ 227.282.512,77","R$ 140,86",0.16,"0,50%","0,01%","0,51%","5,95%",,,0
203,BBFO11,Títulos e Val. Mob.,"R$ 66,41",14090.0,"R$ 0,60","0,87%","2,63%","6,12%","12,25%","0,88%","1,02%","1,02%","11,38%","-4,99%","-4,16%","6,34%","R$ 329.780.504,06","R$ 82,36",0.81,"0,73%","-4,19%","-3,49%","4,75%",,,0
204,SHPH11,Shoppings,"R$ 750,00",290.0,"R$ 2,70","0,35%","1,35%","2,90%","5,74%","0,45%","0,48%","0,48%","5,25%","-0,51%","-0,16%","1,97%","R$ 541.523.043,17","R$ 889,27",0.84,"0,30%","0,02%","0,33%","3,96%","10,80%",,1
205,CACR11,Híbrido,"R$ 100,60",58250.0,"R$ 1,42","1,41%","4,40%","8,80%","16,00%","1,47%","1,47%","1,33%","14,57%","0,02%","1,43%","8,01%","R$ 186.914.055,46","R$ 103,41",0.97,"1,37%","-0,05%","1,32%","37,55%",,,0
206,FPAB11,Lajes Corporativas,"R$ 129,00",1410.0,"R$ 1,65","0,84%","2,44%","4,78%","9,00%","0,81%","0,80%","0,75%","8,31%","-2,01%","-1,19%","-2,78%","R$ 307.829.393,41","R$ 410,44",0.31,"0,40%","0,00%","0,40%","4,53%","33,79%",,1
207,HABT11,Títulos e Val. Mob.,"R$ 83,67",233120.0,"R$ 0,92","1,07%","3,09%","6,74%","13,89%","1,03%","1,12%","1,16%","12,71%","-9,94%","-8,98%","-12,34%","R$ 811.071.447,81","R$ 99,80",0.84,"0,92%","0,14%","1,06%","15,75%",,,0
208,GTWR11,Lajes Corporativas,"R$ 73,40",121840.0,"R$ 0,74","0,94%","2,73%","5,71%","11,23%","0,91%","0,95%","0,94%","10,41%","-6,50%","-5,62%","3,22%","R$ 1.176.568.905,64","R$ 98,05",0.75,"0,75%","0,03%","0,79%","8,09%","0,00%","0,00%",1
209,XPLG11,Logística,"R$ 96,94",343080.0,"R$ 0,74","0,74%","2,12%","4,28%","8,33%","0,71%","0,71%","0,69%","7,71%","-7,10%","-6,41%","9,20%","R$ 3.102.791.995,75","R$ 114,49",0.85,"0,65%","0,19%","0,84%","11,47%","8,80%","1,20%",13
210,ARRI11,Títulos e Val. Mob.,"R$ 9,14",320000.0,"R$ 0,13","1,45%","4,20%","8,02%","16,52%","1,40%","1,34%","1,38%","14,73%","-2,81%","-1,41%","-89,65%","R$ 111.235.062,27","R$ 9,10",1.0,"1,43%","-2,15%","-0,75%","-88,87%",,,0
211,RDPD11,Títulos e Val. Mob.,"R$ 28,44",4050.0,"R$ 0,32","1,11%","3,36%","6,77%","13,17%","1,12%","1,13%","1,10%","12,36%","-18,35%","-17,45%","-42,59%","R$ 36.596.919,00","R$ 33,95",0.84,"0,94%","-37,05%","-36,45%","-36,01%",,,0
212,LASC11,Shoppings,"R$ 91,99",830.0,"R$ 0,81","0,88%","2,69%","4,45%","8,16%","0,90%","0,74%","0,68%","8,16%","-0,12%","0,76%","10,74%","R$ 322.496.630,19","R$ 109,68",0.84,"0,74%","-0,24%","0,50%","2,30%","2,40%",,3
213,VRTA11,Títulos e Val. Mob.,"R$ 85,78",314080.0,"R$ 0,90","0,98%","3,08%","6,67%","13,80%","1,03%","1,11%","1,15%","13,80%","-4,11%","-3,18%","-3,60%","R$ 1.433.324.842,33","R$ 91,92",0.93,"0,98%","-2,34%","-1,39%","8,87%",,,0
214,HGPO11,Lajes Corporativas,"R$ 262,29",17480.0,"R$ 1,60","0,62%","1,86%","3,58%","6,73%","0,62%","0,60%","0,56%","6,18%","1,11%","1,73%","6,77%","R$ 469.168.146,63","R$ 267,63",0.98,"0,60%","-0,05%","0,54%","5,96%","4,99%","2,72%",2
215,BLMO11,Lajes Corporativas,"R$ 20.000,00",400.0,"R$ 26,02","0,00%","0,00%","0,00%","0,00%","0,00%","0,00%","0,00%",,"0,00%","0,00%","-22,41%","R$ 112.245.080,74","R$ 29.561,52",0.68,"0,09%","0,22%","0,31%","13,59%","0,00%",,1
216,BTSG11,Híbrido,"R$ 100,00",10.0,"R$ 0,86","0,86%","2,58%","2,58%","0,00%","0,86%","0,43%","0,00%","2,58%","-1,15%","-0,30%","1,43%","R$ 103.341.940,15","R$ 133,34",0.75,"0,64%","0,00%","0,65%","6,02%",,,0
217,SARE11,Híbrido,"R$ 66,44",213290.0,"R$ 0,64","0,92%","2,60%","5,37%","10,57%","0,87%","0,90%","0,88%","9,66%","-10,06%","-9,23%","5,55%","R$ 873.456.265,06","R$ 94,59",0.7,"0,68%","-3,24%","-2,58%","2,42%","6,20%",,3
218,HPDP11,Shoppings,"R$ 77,56",130.0,"R$ 0,50","0,63%","1,95%","3,56%","6,91%","0,65%","0,59%","0,58%","6,27%","0,50%","1,13%","1,64%","R$ 276.336.993,11","R$ 95,00",0.82,"0,53%","0,14%","0,67%","5,81%","2,00%",,1
219,HFOF11,Títulos e Val. Mob.,"R$ 67,25",204350.0,"R$ 0,62","0,88%","2,44%","5,00%","9,68%","0,81%","0,83%","0,81%","8,95%","-11,10%","-10,32%","-2,33%","R$ 1.889.756.796,91","R$ 82,16",0.82,"0,75%","-4,45%","-3,73%","4,99%",,,0
220,HREC11,Títulos e Val. Mob.,"R$ 81,20",21670.0,"R$ 0,95","1,15%","3,04%","6,42%","12,64%","1,01%","1,07%","1,05%","11,62%","-8,36%","-7,31%","-3,39%","R$ 462.332.546,07","R$ 89,66",0.91,"1,06%","-1,80%","-0,76%","9,87%",,,0
221,VCRI11,,"R$ 8,70",382100.0,"R$ 0,12","1,31%","3,97%","8,55%","0,00%","1,32%","1,43%","0,00%","10,13%","1,22%","2,55%","6,62%","R$ 170.030.754,84","R$ 9,57",0.91,"1,25%","-1,33%","-0,09%","1,69%",,,0
222,VSHO11,Shoppings,"R$ 69,20",14320.0,"R$ 0,68","0,91%","2,31%","4,62%","9,18%","0,77%","0,77%","0,77%","8,43%","-0,79%","0,12%","3,11%","R$ 207.582.986,09","R$ 98,91",0.7,"0,69%","0,13%","0,82%","3,57%","12,96%",,3
223,VISC11,Shoppings,"R$ 102,28",209420.0,"R$ 0,76","0,73%","2,05%","4,09%","8,29%","0,68%","0,68%","0,69%","7,51%","-8,08%","-7,40%","11,16%","R$ 2.033.799.531,34","R$ 114,93",0.89,"0,66%","-0,04%","0,62%","5,92%","8,30%",,15
224,KCRE11,Renda,"R$ 86,15",124200.0,"R$ 0,51","0,56%","0,00%","0,00%","0,00%","0,00%","0,00%","0,00%","1,29%","-4,98%","-4,44%","1,32%","R$ 356.256.428,84","R$ 98,96",0.87,"0,52%","-1,96%","-1,46%","1,56%",,,0
225,KNHY11,Títulos e Val. Mob.,"R$ 96,95",282670.0,"R$ 0,90","0,94%","1,80%","4,99%","12,97%","0,60%","0,83%","1,08%","11,60%","-3,31%","-2,40%","0,52%","R$ 1.806.172.257,80","R$ 97,68",0.99,"0,92%","-0,96%","-0,05%","11,79%",,,0
226,URPR11,Outros,"R$ 96,98",336660.0,"R$ 1,11","1,13%","3,53%","7,85%","16,99%","1,18%","1,31%","1,42%","15,54%","-2,77%","-1,68%","-4,38%","R$ 1.159.743.349,68","R$ 99,33",0.98,"1,12%","-1,74%","-0,64%","22,93%",,,0
227,NVIF11B,Outros,"R$ 95,90",880.0,"R$ 0,44","0,46%","0,46%","0,46%","0,46%","0,15%","0,08%","0,04%","0,46%","0,00%","0,46%","0,46%","R$ 99.753.245,00","R$ 295,65",0.32,"0,15%","2,87%","3,03%","17,70%",,,0
228,NVIF11B,Outros,"R$ 95,96",9710.0,"R$ 0,44","0,46%","0,46%","0,46%","0,46%","0,15%","0,08%","0,04%","0,46%","0,00%","0,46%","0,46%","R$ 99.753.245,00","R$ 295,65",0.32,"0,15%","2,87%","3,03%","17,70%",,,0
229,NVIF11B,Outros,"R$ 95,96",12570.0,"R$ 0,44","0,46%","0,46%","0,46%","0,46%","0,15%","0,08%","0,04%","0,46%","0,00%","0,46%","0,46%","R$ 99.753.245,00","R$ 295,65",0.32,"0,15%","2,87%","3,03%","17,70%",,,0
230,NVIF11B,Outros,"R$ 96,52",17600.0,"R$ 0,44","0,46%","0,46%","0,46%","0,46%","0,15%","0,08%","0,04%","0,46%","0,00%","0,46%","0,46%","R$ 99.753.245,00","R$ 295,65",0.33,"0,15%","2,87%","3,03%","17,70%",,,0
231,NVIF11B,Outros,"R$ 96,14",14490.0,"R$ 0,44","0,46%","0,46%","0,46%","0,46%","0,15%","0,08%","0,04%","0,46%","0,00%","0,46%","0,46%","R$ 99.753.245,00","R$ 295,65",0.33,"0,15%","2,87%","3,03%","17,70%",,,0
232,NVIF11B,Outros,"R$ 96,15",15080.0,"R$ 0,44","0,46%","0,46%","0,46%","0,46%","0,15%","0,08%","0,04%","0,46%","0,00%","0,46%","0,46%","R$ 99.753.245,00","R$ 295,65",0.33,"0,15%","2,87%","3,03%","17,70%",,,0
233,NVIF11B,Outros,"R$ 95,92",5580.0,"R$ 0,44","0,46%","0,46%","0,46%","0,46%","0,15%","0,08%","0,04%","0,46%","0,00%","0,46%","0,46%","R$ 99.753.245,00","R$ 295,65",0.32,"0,15%","2,87%","3,03%","17,70%",,,0
234,NVIF11B,Outros,"R$ 95,81",26650.0,"R$ 0,44","0,46%","0,46%","0,46%","0,46%","0,15%","0,08%","0,04%","0,46%","0,00%","0,46%","0,46%","R$ 99.753.245,00","R$ 295,65",0.32,"0,15%","2,87%","3,03%","17,70%",,,0
235,NVIF11B,Outros,"R$ 96,20",15340.0,"R$ 0,44","0,46%","0,46%","0,46%","0,46%","0,15%","0,08%","0,04%","0,46%","0,00%","0,46%","0,46%","R$ 99.753.245,00","R$ 295,65",0.33,"0,15%","2,87%","3,03%","17,70%",,,0
236,LVBI11,Logística,"R$ 97,76",224720.0,"R$ 0,75","0,72%","2,07%","4,30%","8,67%","0,69%","0,72%","0,72%","6,47%","-3,12%","-2,43%","18,67%","R$ 1.360.113.106,61","R$ 115,51",0.85,"0,65%","-0,03%","0,62%","4,47%","0,50%","0,00%",10
237,JPPA11,Títulos e Val. Mob.,"R$ 104,45",26020.0,"R$ 1,40","1,34%","4,24%","9,46%","18,85%","1,41%","1,58%","1,57%","17,43%","-0,41%","0,93%","27,17%","R$ 79.272.816,93","R$ 99,04",1.05,"1,41%","-0,73%","0,67%","11,76%",,,0
238,RZTR11,Híbrido,"R$ 96,30",424580.0,"R$ 1,25","1,26%","3,68%","7,29%","14,62%","1,23%","1,22%","1,22%","15,83%","-3,48%","-2,26%","12,77%","R$ 1.066.756.882,78","R$ 97,31",0.99,"1,28%","0,00%","1,29%","10,37%",,,10
239,BICR11,Títulos e Val. Mob.,"R$ 92,00",10.0,"R$ 1,10","1,07%","2,78%","4,75%","9,37%","0,93%","0,79%","0,78%","8,78%","0,89%","1,97%","19,03%","R$ 49.612.197,01","R$ 99,22",0.93,"1,11%","-1,64%","-0,55%","8,67%",,,0
240,EVBI11,Híbrido,"R$ 91,70",3520.0,"R$ 0,75","0,78%","2,29%","4,57%","9,42%","0,76%","0,76%","0,79%","6,98%","-2,52%","-1,76%","11,22%","R$ 167.685.996,26","R$ 100,21",0.92,"0,75%","-0,71%","0,03%","7,70%","0,00%",,4
241,HGRE11,Lajes Corporativas,"R$ 120,69",149840.0,"R$ 0,78","0,60%","1,73%","3,51%","8,35%","0,58%","0,58%","0,70%","6,33%","-5,80%","-5,23%","4,46%","R$ 1.906.065.147,81","R$ 161,29",0.75,"0,48%","-0,12%","0,36%","2,41%","27,13%","29,17%",21
242,NSLU11,Hospital,"R$ 166,60",8820.0,"R$ 1,50","0,90%","2,26%","4,00%","9,09%","0,75%","0,67%","0,76%","3,32%","2,51%","3,43%","18,95%","R$ 251.911.778,36","R$ 194,78",0.86,"0,77%","0,05%","0,82%","3,11%","0,00%",,1
243,FIIP11B,Logística,"R$ 141,96",26890.0,"R$ 1,35","0,89%","2,59%","5,12%","9,83%","0,86%","0,85%","0,82%","9,09%","-3,74%","-2,89%","1,53%","R$ 172.614.502,38","R$ 186,18",0.76,"0,73%","-0,12%","0,60%","0,12%","0,00%",,7
244,HGRU11,Híbrido,"R$ 117,60",497300.0,"R$ 0,82","0,66%","1,97%","4,26%","8,74%","0,66%","0,71%","0,73%","8,74%","-1,17%","-0,51%","24,39%","R$ 2.208.731.664,85","R$ 120,00",0.98,"0,68%","-0,37%","0,31%","9,23%","0,00%","0,00%",17
245,ITIT11,Títulos e Val. Mob.,"R$ 77,99",6330.0,"R$ 0,57","0,72%","2,15%","4,49%","9,07%","0,72%","0,75%","0,76%","8,31%","-2,74%","-2,04%","19,45%","R$ 71.737.214,03","R$ 79,66",0.98,"0,72%","-5,82%","-5,15%","6,88%",,,0
246,XPCM11,Lajes Corporativas,"R$ 14,22",35830.0,"R$ 0,17","1,14%","2,72%","5,49%","10,86%","0,91%","0,92%","0,91%","10,37%","-13,18%","-12,19%","-13,70%","R$ 124.433.063,43","R$ 51,53",0.28,"0,33%","-0,77%","-0,45%","-2,97%","100,00%",,1
247,XPPR11,Outros,"R$ 32,25",165480.0,"R$ 0,30","0,90%","2,34%","4,38%","9,06%","0,78%","0,73%","0,76%","8,25%","-19,15%","-18,42%","-43,28%","R$ 547.020.346,86","R$ 74,77",0.43,"0,40%","0,05%","0,45%","-3,65%","46,00%","0,00%",4
248,BNFS11,Outros,"R$ 123,00",6410.0,"R$ 1,53","1,27%","3,68%","7,38%","13,82%","1,23%","1,23%","1,15%","12,81%","-3,21%","-1,98%","8,29%","R$ 69.454.752,82","R$ 99,22",1.24,"1,55%","-0,03%","1,51%","13,72%","0,00%",,18
249,ABCP11,Shoppings,"R$ 70,64",7610.0,"R$ 0,60","0,81%","2,24%","4,52%","9,34%","0,75%","0,75%","0,78%","8,51%","-1,69%","-0,89%","8,38%","R$ 1.120.589.958,80","R$ 91,82",0.77,"0,65%","-0,18%","0,47%","7,12%","7,50%",,1
250,BBFI11B,Lajes Corporativas,"R$ 1.927,00",1390.0,"R$ 26,69","1,40%","4,22%","8,54%","16,40%","1,41%","1,42%","1,37%","14,74%","0,53%","1,93%","-3,24%","R$ 371.124.002,95","R$ 2.854,80",0.68,"0,93%","0,12%","1,06%","6,06%","39,11%",,2
251,HAAA11,Lajes Corporativas,"R$ 82,00",700.0,"R$ 0,54","0,66%","1,92%","3,81%","7,20%","0,64%","0,63%","0,60%","6,64%","-5,17%","-4,55%","-9,05%","R$ 310.852.216,86","R$ 89,97",0.91,"0,60%","-0,40%","0,20%","1,32%","17,00%",,1
252,ITIP11,Títulos e Val. Mob.,"R$ 78,50",8130.0,"R$ 0,74","0,94%","2,97%","6,67%","13,79%","0,99%","1,11%","1,15%","12,60%","-2,48%","-1,57%","9,41%","R$ 60.541.434,99","R$ 80,92",0.97,"0,91%","-2,90%","-2,01%","2,57%",,,0
253,CBOP11,Lajes Corporativas,"R$ 52,23",7820.0,"R$ 0,49","0,89%","2,62%","5,92%","13,90%","0,87%","0,99%","1,16%","9,77%","-2,11%","-1,24%","-16,38%","R$ 105.832.738,70","R$ 74,79",0.7,"0,66%","-0,60%","0,05%","-11,06%","33,59%","30,79%",1
254,PATL11,Híbrido,"R$ 69,50",129270.0,"R$ 0,58","0,79%","2,24%","4,53%","9,07%","0,75%","0,75%","0,76%","8,31%","-7,82%","-7,09%","5,67%","R$ 489.199.176,09","R$ 98,01",0.71,"0,59%","-0,10%","0,49%","6,74%","0,00%","0,00%",4
255,EURO11,Logística,"R$ 221,94",13460.0,"R$ 1,92","0,84%","2,42%","4,77%","9,70%","0,81%","0,80%","0,81%","8,87%","1,13%","1,98%","24,19%","R$ 120.137.518,84","R$ 312,91",0.71,"0,61%","0,01%","0,62%","6,68%","0,00%",,6
256,HGBS11,Shoppings,"R$ 183,00",91490.0,"R$ 1,40","0,73%","2,03%","4,16%","8,12%","0,68%","0,69%","0,68%","7,55%","-8,21%","-7,53%","23,25%","R$ 2.169.800.062,57","R$ 216,98",0.84,"0,65%","-0,63%","0,02%","7,57%","6,50%",,17
257,FIGS11,Shoppings,"R$ 47,40",91570.0,"R$ 0,39","0,78%","2,17%","4,39%","8,52%","0,72%","0,73%","0,71%","7,88%","-8,23%","-7,51%","-2,14%","R$ 284.387.231,69","R$ 99,78",0.48,"0,39%","-0,01%","0,38%","4,38%","13,70%",,2
258,FIIB11,Híbrido,"R$ 456,00",5830.0,"R$ 3,80","0,82%","2,32%","4,64%","9,07%","0,77%","0,77%","0,76%","6,82%","-4,93%","-4,15%","6,18%","R$ 312.133.949,69","R$ 455,67",1.0,"0,83%","-0,10%","0,74%","7,62%","6,28%",,1
259,GALG11,Híbrido,"R$ 9,14",639350.0,"R$ 0,08","0,87%","2,58%","5,13%","10,26%","0,86%","0,86%","0,85%","10,26%","-1,36%","-0,50%","-98,92%","R$ 538.312.589,17","R$ 9,36",0.98,"0,88%","-7,87%","-7,06%","-90,09%","0,00%","0,00%",6
260,VJFD11,Híbrido,"R$ 96,00",17450.0,"R$ 1,02","1,06%","1,06%","1,06%","0,00%","0,35%","0,18%","0,00%","1,06%","0,00%","1,06%","1,06%","R$ 647.729.783,52","R$ 132,84",0.72,"0,77%","0,03%","0,80%","2,43%",,,0
261,VJFD11,Híbrido,"R$ 96,26",51040.0,"R$ 1,02","1,06%","1,06%","1,06%","0,00%","0,35%","0,18%","0,00%","1,06%","0,00%","1,06%","1,06%","R$ 647.729.783,52","R$ 132,84",0.72,"0,77%","0,03%","0,80%","2,43%",,,0
262,VJFD11,Híbrido,"R$ 96,30",79050.0,"R$ 1,02","1,06%","1,06%","1,06%","0,00%","0,35%","0,18%","0,00%","1,06%","0,00%","1,06%","1,06%","R$ 647.729.783,52","R$ 132,84",0.72,"0,77%","0,03%","0,80%","2,43%",,,0
263,VJFD11,Híbrido,"R$ 96,35",61550.0,"R$ 1,02","1,06%","1,06%","1,06%","0,00%","0,35%","0,18%","0,00%","1,06%","0,00%","1,06%","1,06%","R$ 647.729.783,52","R$ 132,84",0.73,"0,77%","0,03%","0,80%","2,43%",,,0
264,VJFD11,Híbrido,"R$ 96,25",47420.0,"R$ 1,02","1,06%","1,06%","1,06%","0,00%","0,35%","0,18%","0,00%","1,06%","0,00%","1,06%","1,06%","R$ 647.729.783,52","R$ 132,84",0.72,"0,77%","0,03%","0,80%","2,43%",,,0
265,VJFD11,Híbrido,"R$ 96,25",39240.0,"R$ 1,02","1,06%","1,06%","1,06%","0,00%","0,35%","0,18%","0,00%","1,06%","0,00%","1,06%","1,06%","R$ 647.729.783,52","R$ 132,84",0.72,"0,77%","0,03%","0,80%","2,43%",,,0
266,VJFD11,Híbrido,"R$ 96,33",27460.0,"R$ 1,02","1,06%","1,06%","1,06%","0,00%","0,35%","0,18%","0,00%","1,06%","0,00%","1,06%","1,06%","R$ 647.729.783,52","R$ 132,84",0.73,"0,77%","0,03%","0,80%","2,43%",,,0
267,VJFD11,Híbrido,"R$ 96,32",54100.0,"R$ 1,02","1,06%","1,06%","1,06%","0,00%","0,35%","0,18%","0,00%","1,06%","0,00%","1,06%","1,06%","R$ 647.729.783,52","R$ 132,84",0.73,"0,77%","0,03%","0,80%","2,43%",,,0
268,FVPQ11,Shoppings,"R$ 101,10",2480.0,"R$ 0,55","0,52%","1,83%","3,55%","7,78%","0,61%","0,59%","0,65%","7,10%","-9,81%","-9,33%","10,59%","R$ 556.120.262,60","R$ 198,60",0.51,"0,28%","-0,03%","0,25%","4,39%","5,50%",,1
269,HGCR11,Títulos e Val. Mob.,"R$ 100,75",291950.0,"R$ 1,20","1,17%","3,55%","7,05%","13,29%","1,18%","1,18%","1,11%","13,29%","1,66%","2,85%","5,82%","R$ 1.560.262.166,70","R$ 101,20",1.0,"1,19%","-1,20%","-0,03%","12,64%",,,0
270,HGLG11,Logística,"R$ 160,72",428920.0,"R$ 1,10","0,68%","2,00%","5,30%","9,64%","0,67%","0,88%","0,80%","8,62%","-1,96%","-1,30%","4,19%","R$ 3.466.816.466,82","R$ 147,80",1.09,"0,74%","0,37%","1,11%","9,68%","6,90%","6,50%",17
271,VIFI11,Títulos e Val. Mob.,"R$ 6,90",125100.0,"R$ 0,06","0,83%","2,42%","4,96%","10,10%","0,81%","0,83%","0,84%","9,23%","-4,38%","-3,58%","1,32%","R$ 71.906.199,08","R$ 8,89",0.78,"0,67%","-5,14%","-4,50%","-69,51%",,,0
272,MXRF11,Híbrido,"R$ 9,95",5796510.0,"R$ 0,08","0,80%","2,80%","6,07%","12,38%","0,93%","1,01%","1,03%","12,38%","-2,53%","-1,75%","24,29%","R$ 2.282.646.736,06","R$ 10,10",0.99,"0,79%","-0,97%","-0,18%","4,70%",,,0
273,BTWR11,Lajes Corporativas,"R$ 105,49",6710.0,"R$ 0,42","0,40%","1,26%","2,05%","3,56%","0,42%","0,34%","0,30%","3,56%","0,00%","0,40%","2,15%","R$ 90.555.302,30","R$ 111,90",0.94,"0,38%","0,23%","0,61%","7,24%","12,00%",,1
274,KISU11,Títulos e Val. Mob.,"R$ 7,79",1574260.0,"R$ 0,08","0,92%","2,72%","5,76%","10,98%","0,91%","0,96%","0,92%","10,12%","-2,04%","-1,14%","10,86%","R$ 388.551.604,86","R$ 8,79",0.89,"0,85%","-5,26%","-4,46%","2,09%",,,0
275,TRXF11,Outros,"R$ 102,45",216930.0,"R$ 0,85","0,81%","2,37%","5,03%","9,97%","0,79%","0,84%","0,83%","9,08%","-4,22%","-3,44%","13,07%","R$ 897.393.209,05","R$ 101,04",1.01,"0,84%","0,23%","1,07%","9,94%","0,00%",,44
276,CXCO11,Lajes Corporativas,"R$ 68,04",48800.0,"R$ 0,72","1,03%","2,89%","5,74%","10,93%","0,96%","0,96%","0,91%","10,13%","-8,74%","-7,80%","-4,45%","R$ 379.121.044,03","R$ 96,60",0.7,"0,75%","0,03%","0,77%","8,83%",,,0
277,XPSF11,Outros,"R$ 7,14",1015740.0,"R$ 0,08","1,06%","3,08%","6,00%","11,43%","1,03%","1,00%","0,95%","10,58%","-4,22%","-3,21%","-89,85%","R$ 369.792.382,05","R$ 8,54",0.84,"0,90%","-4,04%","-3,18%","-89,40%",,,0
278,HOSI11,Híbrido,"R$ 57,90",60.0,"R$ 0,43","0,68%","2,05%","3,86%","7,12%","0,68%","0,64%","0,59%","6,37%","-0,80%","-0,13%","-7,30%","R$ 53.442.769,27","R$ 93,20",0.62,"0,46%","0,26%","0,72%","5,35%",,,2
279,JSRE11,Híbrido,"R$ 69,07",307210.0,"R$ 0,49","0,67%","1,81%","3,67%","7,59%","0,60%","0,61%","0,63%","6,95%","-15,12%","-14,55%","-1,65%","R$ 2.355.388.202,91","R$ 113,42",0.61,"0,43%","0,00%","0,44%","4,34%","14,80%","13,40%",5
280,HGFF11,Títulos e Val. Mob.,"R$ 72,10",45510.0,"R$ 0,65","0,86%","2,46%","5,05%","9,92%","0,82%","0,84%","0,83%","9,15%","-6,30%","-5,50%","9,24%","R$ 250.418.653,25","R$ 87,45",0.82,"0,74%","-5,38%","-4,67%","5,29%",,,0
281,RFOF11,Títulos e Val. Mob.,"R$ 66,75",12370.0,"R$ 0,73","0,98%","2,87%","5,73%","11,19%","0,96%","0,95%","0,93%","10,34%","-3,21%","-2,26%","11,82%","R$ 86.846.738,67","R$ 80,55",0.83,"0,91%","-6,07%","-5,22%","1,08%",,,0
282,AIEC11,Lajes Corporativas,"R$ 68,17",134940.0,"R$ 0,75","1,08%","3,06%","6,00%","11,85%","1,02%","1,00%","0,99%","11,02%","-5,82%","-4,81%","-0,79%","R$ 494.835.689,55","R$ 102,56",0.66,"0,73%","0,24%","0,98%","9,40%","0,00%",,2
283,HGIC11,Títulos e Val. Mob.,"R$ 101,60",3400.0,"R$ 1,10","1,05%","3,19%","6,16%","11,90%","1,06%","1,03%","0,99%","10,83%","-2,21%","-1,19%","9,92%","R$ 51.712.665,92","R$ 114,02",0.89,"0,96%","-2,08%","-1,14%","17,05%",,,0
284,CRFF11,Títulos e Val. Mob.,"R$ 62,90",2220.0,"R$ 0,63","0,87%","2,51%","5,17%","9,96%","0,84%","0,86%","0,83%","9,21%","-7,71%","-6,90%","14,47%","R$ 58.362.691,00","R$ 84,58",0.74,"0,74%","-5,68%","-4,98%","5,54%",,,0
285,QAGR11,Outros,"R$ 42,55",44990.0,"R$ 0,41","0,94%","2,67%","5,23%","9,93%","0,89%","0,87%","0,83%","7,61%","-8,71%","-7,85%","-6,67%","R$ 281.473.386,20","R$ 55,85",0.76,"0,73%","-0,08%","0,65%","-1,68%",,,12
286,RBLG11,Logística,"R$ 95,90",10.0,"R$ 0,88","0,90%","2,72%","5,48%","10,92%","0,91%","0,91%","0,91%","8,21%","-1,01%","-0,12%","16,45%","R$ 64.230.672,96","R$ 100,33",0.96,"0,88%","-1,10%","-0,23%","2,59%","0,00%",,1
287,CXRI11,Híbrido,"R$ 62,60",610.0,"R$ 0,55","0,80%","2,39%","5,06%","9,86%","0,80%","0,84%","0,82%","9,05%","-1,05%","-0,26%","8,77%","R$ 131.751.743,43","R$ 83,61",0.75,"0,66%","-5,52%","-4,90%","5,15%",,,0
288,GGRC11,Logística,"R$ 115,00",136030.0,"R$ 1,02","0,87%","2,59%","5,02%","9,79%","0,86%","0,84%","0,82%","9,07%","-4,17%","-3,34%","10,20%","R$ 966.621.344,15","R$ 124,59",0.92,"0,82%","-0,14%","0,68%","2,07%","0,00%","0,00%",20
289,BLMR11,Títulos e Val. Mob.,"R$ 6,87",374540.0,"R$ 0,08","1,03%","3,02%","6,13%","12,16%","1,01%","1,02%","1,01%","11,11%","-3,45%","-2,45%","1,77%","R$ 201.674.556,28","R$ 7,90",0.87,"0,95%","-5,66%","-4,77%","3,05%",,,0
290,BIME11,,"R$ 7,45",255210.0,"R$ 0,06","0,76%","2,12%","6,89%","14,43%","0,71%","1,15%","1,20%","13,37%","-6,97%","-6,26%","-7,15%","R$ 52.643.597,36","R$ 9,01",0.83,"0,67%","-0,71%","-0,05%","6,11%",,,0
291,FISC11,Lajes Corporativas,"R$ 165,00",2000.0,"R$ 0,24","0,00%","0,00%","0,00%","0,00%","0,00%","0,00%","0,00%",,"0,00%","0,00%","0,00%","R$ 197.298.203,83","R$ 116,06",1.42,"0,21%","0,02%","0,22%","1,04%",,,0
292,FATN11,Híbrido,"R$ 91,30",3150.0,"R$ 0,80","0,85%","2,74%","5,37%","10,20%","0,91%","0,89%","0,85%","9,39%","0,11%","0,95%","1,59%","R$ 122.722.547,54","R$ 101,40",0.9,"0,79%","0,37%","1,16%","7,01%","4,30%",,7
293,SNAG11,,"R$ 101,40",96710.0,"R$ 1,20","1,18%","0,00%","0,00%","0,00%","0,00%","0,00%","0,00%","3,54%","0,40%","1,58%","4,40%","R$ 151.912.404,87","R$ 101,27",1.0,"1,18%","0,24%","1,43%","3,27%",,,0
294,JRDM11,Shoppings,"R$ 78,80",7100.0,"R$ 0,69","0,86%","2,15%","4,02%","8,67%","0,72%","0,67%","0,72%","5,81%","-3,28%","-2,44%","18,95%","R$ 220.347.088,75","R$ 87,34",0.9,"0,79%","-0,06%","0,72%","4,19%","2,77%",,1
295,OIAG11,,"R$ 10,25",43390.0,"R$ 0,14","1,36%","1,36%","0,00%","0,00%","0,45%","0,00%","0,00%","1,36%","0,00%","1,36%","1,36%",,,,,,,,,,0
296,FLMA11,Híbrido,"R$ 120,45",4800.0,"R$ 0,93","0,74%","2,19%","4,40%","8,24%","0,73%","0,73%","0,69%","7,58%","-0,16%","0,58%","14,25%","R$ 217.168.676,05","R$ 157,29",0.77,"0,59%","0,07%","0,66%","6,45%","11,00%",,2
297,RECT11,Híbrido,"R$ 52,32",160870.0,"R$ 0,50","0,91%","2,60%","5,11%","9,76%","0,87%","0,85%","0,81%","9,01%","-4,33%","-3,46%","-13,72%","R$ 813.667.318,77","R$ 95,24",0.55,"0,53%","-0,21%","0,31%","3,29%","15,10%",,8
298,MGFF11,Títulos e Val. Mob.,"R$ 53,90",178120.0,"R$ 0,53","0,90%","2,56%","5,21%","10,68%","0,85%","0,87%","0,89%","9,83%","-9,23%","-8,41%","2,81%","R$ 655.755.708,91","R$ 72,45",0.74,"0,73%","-6,10%","-5,41%","-2,96%",,,0
299,BREV11,Híbrido,"R$ 90,00",50.0,"R$ 0,75","0,79%","2,01%","3,83%","7,31%","0,67%","0,64%","0,61%","6,75%","-20,84%","-20,22%","6,40%","R$ 106.556.883,73","R$ 110,17",0.82,"0,68%","-0,12%","0,56%","6,59%","0,00%",,12
300,SCPF11,Shoppings,"R$ 5,96",1400.0,"R$ 0,02","0,30%","0,81%","1,74%","3,52%","0,27%","0,29%","0,29%","3,13%","-1,31%","-1,01%","-21,74%","R$ 52.958.523,13","R$ 12,61",0.47,"0,14%","0,29%","0,43%","2,55%","29,30%",,1
301,DCRA11,,"R$ 8,98",557370.0,"R$ 0,12","1,30%","1,30%","0,00%","0,00%","0,43%","0,00%","0,00%","1,30%","0,00%","1,30%","1,30%",,,,,,,,,,0
302,RBRL11,Logística,"R$ 81,35",58960.0,"R$ 0,65","0,78%","2,21%","4,46%","8,93%","0,74%","0,74%","0,74%","8,02%","-7,31%","-6,59%","-2,05%","R$ 717.222.701,70","R$ 107,26",0.76,"0,61%","-0,01%","0,60%","7,47%","0,00%","0,00%",6
303,ERPA11,,"R$ 124,99",15000.0,"R$ 0,70","0,56%","1,67%","2,42%","0,00%","0,56%","0,40%","0,00%","2,88%","0,00%","0,56%","3,03%","R$ 58.212.728,35","R$ 116,21",1.08,"0,60%","0,01%","0,61%","3,77%",,,0
304,FGAA11,,"R$ 9,90",644710.0,"R$ 0,14","1,41%","1,41%","0,00%","0,00%","0,47%","0,00%","0,00%","1,41%","0,00%","1,41%","1,41%",,,,,,,,,,0
305,RCRB11,Lajes Corporativas,"R$ 118,11",22910.0,"R$ 0,76","0,62%","1,70%","3,34%","6,10%","0,57%","0,56%","0,51%","6,10%","-11,00%","-10,44%","10,87%","R$ 773.491.666,35","R$ 209,58",0.56,"0,36%","6,32%","6,71%","10,57%","28,40%",,10
306,BRCR11,Híbrido,"R$ 57,20",281470.0,"R$ 0,50","0,86%","2,24%","4,54%","8,85%","0,75%","0,76%","0,74%","6,72%","-12,25%","-11,50%","-3,08%","R$ 2.673.022.814,44","R$ 100,35",0.57,"0,50%","0,15%","0,65%","-1,63%","21,00%","25,80%",15
307,BMLC11,Lajes Corporativas,"R$ 103,00",2040.0,"R$ 0,88","0,85%","2,31%","4,60%","9,21%","0,77%","0,77%","0,77%","8,17%","-1,07%","-0,23%","24,03%","R$ 108.966.338,84","R$ 109,14",0.94,"0,81%","-0,05%","0,76%","4,10%","7,00%",,2
308,SEQR11,Outros,"R$ 61,50",12980.0,"R$ 0,68","1,08%","3,09%","6,17%","11,64%","1,03%","1,03%","0,97%","10,81%","-6,12%","-5,11%","-3,54%","R$ 154.860.775,59","R$ 96,27",0.64,"0,70%","0,22%","0,93%","7,92%","0,00%",,0
309,ONEF11,Lajes Corporativas,"R$ 172,30",9080.0,"R$ 0,92","0,54%","1,62%","3,31%","6,89%","0,54%","0,55%","0,57%","6,89%","-0,15%","0,39%","41,26%","R$ 183.479.598,90","R$ 201,40",0.86,"0,46%","15,10%","15,63%","21,27%","0,00%",,1
310,DVFF11,Híbrido,"R$ 68,83",420.0,"R$ 0,85","1,19%","3,07%","6,24%","11,78%","1,02%","1,04%","0,98%","11,05%","-3,38%","-2,23%","-9,44%","R$ 100.802.430,08","R$ 91,56",0.75,"0,93%","-4,01%","-3,12%","8,77%",,,0
311,RECR11,Títulos e Val. Mob.,"R$ 85,28",687100.0,"R$ 0,74","0,85%","2,01%","5,07%","13,26%","0,67%","0,84%","1,10%","11,81%","-3,17%","-2,35%","-5,85%","R$ 2.520.731.349,40","R$ 95,33",0.89,"0,77%","0,00%","0,77%","12,72%",,,0
312,HCTR11,Outros,"R$ 100,00",353060.0,"R$ 1,10","1,11%","3,27%","6,71%","14,76%","1,09%","1,12%","1,23%","13,50%","-1,24%","-0,15%","-8,90%","R$ 2.681.663.950,61","R$ 121,43",0.82,"0,91%","-0,11%","0,80%","16,89%",,,0
313,CEOC11,Lajes Corporativas,"R$ 52,79",13990.0,"R$ 0,50","0,92%","2,58%","5,07%","9,89%","0,86%","0,85%","0,82%","9,16%","-9,64%","-8,80%","2,58%","R$ 162.972.246,79","R$ 89,76",0.59,"0,55%","-0,08%","0,48%","3,10%","0,00%",,1
314,TORD11,Outros,"R$ 7,15",821560.0,"R$ 0,08","1,08%","2,81%","6,32%","11,61%","0,94%","1,05%","0,97%","9,96%","-7,38%","-6,37%","-21,52%","R$ 493.708.826,40","R$ 14,09",0.51,"0,57%","-0,45%","0,12%","12,89%",,,0
315,DRIT11B,Lajes Corporativas,"R$ 99,33",150.0,"R$ 0,67","0,67%","2,08%","4,07%","0,00%","0,69%","0,68%","0,00%","4,07%","10,68%","11,42%","9,19%","R$ 58.209.539,09","R$ 125,65",0.79,"0,53%","-0,20%","0,34%","2,37%","10,47%",,6
316,BLMG11,Logística,"R$ 67,85",180170.0,"R$ 0,80","1,08%","2,92%","5,94%","11,50%","0,97%","0,99%","0,96%","10,54%","-11,57%","-10,62%","-12,33%","R$ 348.035.357,33","R$ 91,33",0.74,"0,88%","-2,57%","-1,72%","-1,52%","0,00%","0,00%",4
317,CPFF11,Híbrido,"R$ 65,42",92460.0,"R$ 0,60","0,90%","2,51%","5,08%","10,41%","0,84%","0,85%","0,87%","9,53%","-10,68%","-9,88%","3,02%","R$ 429.046.317,49","R$ 78,73",0.83,"0,76%","-2,56%","-1,82%","6,71%",,,0
318,BCFF11,Títulos e Val. Mob.,"R$ 63,75",472720.0,"R$ 0,56","0,83%","2,45%","4,98%","9,74%","0,82%","0,83%","0,81%","8,97%","-2,78%","-1,97%","2,30%","R$ 1.903.260.829,67","R$ 75,57",0.84,"0,74%","-3,03%","-2,31%","1,30%",,,0
319,GCRA11,Híbrido,"R$ 96,00",29500.0,"R$ 1,20","1,25%","3,66%","7,51%","0,00%","1,22%","1,25%","0,00%","12,98%","-3,65%","-2,45%","5,07%","R$ 171.582.258,95","R$ 98,00",0.98,"1,22%","0,11%","1,33%","12,74%",,,0
320,FAED11,Outros,"R$ 142,10",1710.0,"R$ 1,53","1,05%","3,01%","6,29%","12,09%","1,00%","1,05%","1,01%","11,26%","-6,19%","-5,20%","12,81%","R$ 138.821.300,04","R$ 216,18",0.66,"0,71%","0,00%","0,71%","4,95%","0,00%",,3
321,RELG11,Híbrido,"R$ 71,70",12240.0,"R$ 0,80","1,11%","2,46%","5,80%","11,97%","0,82%","0,97%","1,00%","10,97%","-5,64%","-4,59%","-0,08%","R$ 158.203.626,97","R$ 118,54",0.6,"0,67%","-0,33%","0,34%","4,62%","10,40%","10,40%",3
322,DEVA11,Títulos e Val. Mob.,"R$ 84,30",327100.0,"R$ 0,90","1,04%","2,28%","5,97%","13,98%","0,76%","0,99%","1,17%","12,67%","-2,28%","-1,26%","-5,05%","R$ 1.423.358.225,69","R$ 101,34",0.83,"0,89%","0,14%","1,03%","18,73%",,,0
323,NCHB11,Títulos e Val. Mob.,"R$ 84,98",46510.0,"R$ 1,00","1,10%","3,80%","8,13%","15,01%","1,27%","1,36%","1,25%","14,01%","-3,97%","-2,91%","6,16%","R$ 145.806.912,83","R$ 90,18",0.94,"1,11%","-1,14%","-0,04%","3,18%",,,0
324,FLCR11,Títulos e Val. Mob.,"R$ 91,35",18570.0,"R$ 0,90","0,95%","2,56%","6,42%","15,36%","0,85%","1,07%","1,28%","13,63%","2,53%","3,50%","9,27%","R$ 62.494.579,17","R$ 98,63",0.93,"0,91%","-0,68%","0,23%","8,93%",,,0
325,GTLG11,,"R$ 97,90",50.0,"R$ 0,70","0,71%","2,14%","4,25%","8,46%","0,71%","0,71%","0,70%","7,76%","-0,02%","0,69%","7,46%","R$ 671.749.268,02","R$ 93,65",1.05,"0,75%","-0,13%","0,62%","3,69%",,,0
326,VSLH11,Outros,"R$ 9,01",681540.0,"R$ 0,11","1,22%","3,60%","7,21%","14,50%","1,20%","1,20%","1,21%","13,28%","0,00%","1,22%","5,56%","R$ 312.610.065,49","R$ 10,47",0.86,"1,05%","-0,53%","0,51%","19,15%",,,0
327,CXCI11,,"R$ 75,97",9160.0,"R$ 0,83","1,08%","3,12%","6,24%","0,00%","1,04%","1,04%","0,00%","7,99%","-4,25%","-3,21%","-5,74%","R$ 194.111.706,72","R$ 94,33",0.81,"0,88%","-4,41%","-3,57%","2,57%",,,0
328,MAXR11,Outros,"R$ 69,37",112490.0,"R$ 0,65","0,86%","2,47%","4,92%","9,40%","0,82%","0,82%","0,78%","7,04%","-6,10%","-5,29%","7,22%","R$ 135.277.249,14","R$ 120,18",0.58,"0,54%","0,02%","0,56%","4,29%","2,80%",,8
329,RBRP11,Outros,"R$ 49,49",320110.0,"R$ 0,27","0,52%","1,83%","4,18%","8,32%","0,61%","0,70%","0,69%","7,67%","-5,09%","-4,60%","-19,76%","R$ 995.754.549,61","R$ 81,76",0.61,"0,33%","-1,63%","-1,31%","3,68%","13,00%","6,00%",17
330,MGLG11,Logística,"R$ 37,80",10640.0,"R$ 0,35","0,89%","2,49%","5,21%","11,74%","0,83%","0,87%","0,98%","11,13%","-4,32%","-3,47%","-18,80%","R$ 116.224.996,02","R$ 61,55",0.61,"0,57%","57,54%","58,43%","-18,62%","0,00%",,3
331,AGRX11,,"R$ 9,17",435670.0,"R$ 0,10","0,96%","0,00%","0,00%","0,00%","0,00%","0,00%","0,00%","0,96%","0,00%","0,96%","0,96%",,,,,,,,,,0
332,CVBI11,Títulos e Val. Mob.,"R$ 85,10",374380.0,"R$ 0,75","0,83%","2,27%","5,40%","12,74%","0,76%","0,90%","1,06%","11,65%","-0,22%","0,60%","0,06%","R$ 1.027.069.045,86","R$ 93,28",0.91,"0,80%","-1,50%","-0,71%","4,81%",,,0
333,BLCA11,Lajes Corporativas,"R$ 85,00",20.0,"R$ 0,56","0,62%","1,86%","3,45%","0,00%","0,62%","0,58%","0,00%","4,99%","-0,11%","0,51%","-1,98%","R$ 142.810.647,69","R$ 89,26",0.95,"0,63%","-0,32%","0,31%","-12,47%","0,00%",,1
334,RVBI11,Títulos e Val. Mob.,"R$ 71,21",28690.0,"R$ 0,75","1,00%","2,93%","5,84%","11,50%","0,98%","0,97%","0,96%","10,60%","-3,09%","-2,12%","2,83%","R$ 120.772.113,69","R$ 83,87",0.85,"0,89%","-2,88%","-2,01%","5,11%",,,0
335,RBRF11,Títulos e Val. Mob.,"R$ 65,50",302130.0,"R$ 0,63","0,90%","2,57%","5,24%","10,18%","0,86%","0,87%","0,85%","9,37%","-2,37%","-1,49%","5,86%","R$ 1.130.629.129,06","R$ 82,64",0.79,"0,76%","-4,16%","-3,43%","0,80%",,,0
336,IRDM11,Títulos e Val. Mob.,"R$ 89,40",1064870.0,"R$ 0,70","0,75%","2,37%","6,12%","13,09%","0,79%","1,02%","1,09%","11,77%","-4,85%","-4,14%","-4,00%","R$ 3.389.714.938,91","R$ 93,04",0.96,"0,75%","-1,77%","-1,03%","3,28%",,,0
337,RBRY11,Títulos e Val. Mob.,"R$ 93,29",171420.0,"R$ 1,00","1,07%","3,10%","6,98%","14,07%","1,03%","1,16%","1,17%","12,79%","-2,98%","-1,94%","-0,97%","R$ 550.807.992,24","R$ 99,30",0.94,"1,01%","-0,58%","0,42%","3,41%",,,0
338,RBRR11,Títulos e Val. Mob.,"R$ 80,54",775610.0,"R$ 0,70","0,81%","2,34%","5,76%","12,50%","0,78%","0,96%","1,04%","11,42%","-4,32%","-3,54%","-5,91%","R$ 1.278.723.141,93","R$ 95,15",0.85,"0,74%","-1,87%","-1,15%","3,12%",,,0
339,GAME11,Híbrido,"R$ 8,88",166980.0,"R$ 0,10","1,11%","3,25%","7,12%","14,44%","1,08%","1,19%","1,20%","13,40%","-2,59%","-1,51%","-5,96%","R$ 203.954.963,26","R$ 9,84",0.9,"1,02%","0,20%","1,22%","-98,84%",,,0
340,IBCR11,Títulos e Val. Mob.,"R$ 84,80",27140.0,"R$ 0,80","0,94%","3,22%","7,31%","16,09%","1,07%","1,22%","1,34%","14,54%","-0,59%","0,34%","1,89%","R$ 91.539.316,32","R$ 95,51",0.89,"0,84%","-0,91%","-0,08%","9,49%",,,0
341,IRIM11,Híbrido,"R$ 91,90",11900.0,"R$ 0,71","0,75%","2,57%","6,78%","14,83%","0,86%","1,13%","1,24%","13,50%","-4,20%","-3,49%","-1,36%","R$ 186.681.888,44","R$ 97,23",0.95,"0,74%","-1,35%","-0,62%","2,72%",,,0
342,CPTR11,,"R$ 95,80",114530.0,"R$ 1,38","1,41%","1,41%","0,00%","0,00%","0,47%","0,00%","0,00%","1,41%","0,00%","1,41%","1,41%","R$ 408.344.526,08","R$ 98,68",0.97,"1,42%","0,00%","1,42%","1,42%",,,0
343,CPTS11,Títulos e Val. Mob.,"R$ 76,84",1204190.0,"R$ 0,37","0,46%","2,54%","6,18%","13,07%","0,85%","1,03%","1,09%","11,95%","-9,56%","-9,15%","-6,78%","R$ 2.858.127.870,96","R$ 89,93",0.85,"0,41%","-1,83%","-1,42%","1,66%",,,0
344,MCHF11,Títulos e Val. Mob.,"R$ 8,46",2055610.0,"R$ 0,11","1,23%","3,65%","7,32%","14,02%","1,22%","1,22%","1,17%","12,82%","-1,11%","0,11%","0,04%","R$ 302.861.569,80","R$ 9,37",0.9,"1,17%","-1,49%","-0,33%","0,21%",,,0
345,GCFF11,Títulos e Val. Mob.,"R$ 70,50",2890.0,"R$ 0,72","1,00%","3,03%","6,29%","12,36%","1,01%","1,05%","1,03%","11,32%","-1,14%","-0,15%","0,20%","R$ 27.997.377,16","R$ 82,69",0.85,"0,87%","-3,88%","-3,05%","-3,37%",,,0
346,VGIR11,Títulos e Val. Mob.,"R$ 9,72",4802150.0,"R$ 0,13","1,31%","3,93%","7,71%","14,58%","1,31%","1,28%","1,22%","13,67%","-0,40%","0,90%","-88,83%","R$ 993.272.195,20","R$ 9,62",1.01,"1,35%","-0,20%","1,15%","-89,14%",,,0
347,MORE11,Títulos e Val. Mob.,"R$ 65,43",51060.0,"R$ 0,60","0,89%","2,54%","5,67%","11,50%","0,85%","0,94%","0,96%","10,58%","-5,41%","-4,56%","-2,27%","R$ 193.189.471,08","R$ 83,30",0.79,"0,72%","-5,04%","-4,36%","-2,74%",,,0
348,MGHT11,Hotel,"R$ 54,90",9120.0,"R$ 0,65","1,16%","3,22%","6,87%","12,79%","1,07%","1,14%","1,07%","11,89%","-6,24%","-5,15%","-28,60%","R$ 112.466.978,44","R$ 85,61",0.64,"0,76%","-0,45%","0,30%","-6,08%",,,0
349,TRNT11,Lajes Corporativas,"R$ 125,00",620.0,"R$ 0,52","0,42%","0,93%","1,90%","4,25%","0,31%","0,32%","0,35%","3,70%","0,00%","0,42%","20,29%","R$ 797.232.182,23","R$ 202,57",0.62,"0,26%","0,01%","0,27%","1,40%","49,90%",,1
350,VGIP11,Outros,"R$ 81,32",377300.0,"R$ 0,45","0,54%","1,56%","5,17%","13,87%","0,52%","0,86%","1,16%","12,27%","-5,67%","-5,16%","-6,76%","R$ 1.068.757.358,59","R$ 90,67",0.9,"0,50%","-1,78%","-1,29%","8,00%",,,0
351,VGIA11,Títulos e Val. Mob.,"R$ 9,80",3008630.0,"R$ 0,14","1,41%","4,29%","9,20%","0,00%","1,43%","1,53%","0,00%","15,89%","-4,80%","-3,45%","9,58%","R$ 695.468.145,75","R$ 9,52",1.03,"1,47%","-0,49%","0,97%","6,44%",,,0
352,GCRI11,Títulos e Val. Mob.,"R$ 91,28",18950.0,"R$ 1,10","1,17%","3,50%","7,44%","16,02%","1,17%","1,24%","1,33%","14,63%","-0,39%","0,77%","10,43%","R$ 112.349.949,82","R$ 94,35",0.97,"1,17%","-2,34%","-1,20%","0,94%",,,0
353,HCRI11,Hospital,"R$ 224,40",1240.0,"R$ 2,43","1,11%","3,08%","5,21%","10,00%","1,03%","0,87%","0,83%","3,82%","-3,70%","-2,64%","-18,05%","R$ 59.988.560,02","R$ 299,94",0.75,"0,81%","0,00%","0,81%","3,06%","0,00%",,1
354,MGCR11,Títulos e Val. Mob.,"R$ 78,40",6790.0,"R$ 0,90","1,08%","3,54%","8,10%","15,33%","1,18%","1,35%","1,28%","14,19%","-5,03%","-4,00%","8,44%","R$ 127.904.113,96","R$ 89,93",0.87,"1,00%","-2,99%","-2,02%","4,14%",,,0
355,BRLA11,Híbrido,"R$ 143,00",200.0,"R$ 1,09","0,75%","12,66%","14,18%","18,37%","4,22%","2,36%","1,53%","17,67%","1.479,52%","1.491,43%","1.934,80%","R$ 426.827.499,46","R$ 157,77",0.91,"0,69%","0,04%","0,74%","-8,63%",,,0
356,MCCI11,Títulos e Val. Mob.,"R$ 85,45",529000.0,"R$ 1,10","1,20%","3,48%","6,86%","12,92%","1,16%","1,14%","1,08%","11,95%","-5,07%","-3,93%","1,66%","R$ 1.348.562.788,74","R$ 92,40",0.92,"1,19%","-2,01%","-0,85%","3,25%",,,0
357,NAVT11,Títulos e Val. Mob.,"R$ 72,00",14820.0,"R$ 0,85","1,18%","3,31%","6,74%","13,05%","1,10%","1,12%","1,09%","12,25%","-9,14%","-8,07%","12,25%","R$ 94.740.518,92","R$ 89,84",0.8,"0,95%","-3,92%","-3,02%","0,49%",,,0
358,OURE11,Títulos e Val. Mob.,"R$ 79,30",9340.0,"R$ 1,05","1,29%","3,80%","8,00%","14,83%","1,27%","1,33%","1,24%","13,50%","-0,15%","1,14%","8,12%","R$ 99.108.491,33","R$ 92,02",0.86,"1,14%","-2,16%","-1,04%","11,12%",,,0
359,RECX11,Outros,"R$ 70,00",920.0,"R$ 0,60","0,83%","3,01%","5,74%","12,05%","1,00%","0,96%","1,00%","10,92%","-0,94%","-0,11%","-15,60%","R$ 17.106.482,65","R$ 78,36",0.89,"0,77%","-3,80%","-3,06%","-5,68%",,,0
360,OUFF11,Títulos e Val. Mob.,"R$ 61,17",19980.0,"R$ 0,70","1,09%","3,18%","6,63%","12,92%","1,06%","1,10%","1,08%","11,99%","-4,72%","-3,68%","10,43%","R$ 138.162.698,62","R$ 76,15",0.8,"0,92%","-5,19%","-4,32%","5,61%",,,0
361,AFHI11,Títulos e Val. Mob.,"R$ 93,87",71400.0,"R$ 0,96","1,01%","3,03%","6,93%","14,79%","1,01%","1,16%","1,23%","13,51%","-1,13%","-0,13%","5,92%","R$ 286.309.475,82","R$ 94,82",0.99,"1,01%","-0,94%","0,06%","5,00%",,,0
362,ARCT11,Híbrido,"R$ 87,51",95840.0,"R$ 0,76","0,86%","2,48%","5,45%","15,06%","0,83%","0,91%","1,25%","13,48%","-3,38%","-2,55%","-7,07%","R$ 369.956.160,07","R$ 99,77",0.88,"0,76%","0,04%","0,80%","6,31%",,,4
363,SNFF11,Títulos e Val. Mob.,"R$ 86,00",39740.0,"R$ 1,30","1,44%","2,90%","5,08%","10,34%","0,97%","0,85%","0,86%","9,64%","1,24%","2,70%","12,30%","R$ 251.391.286,35","R$ 88,83",0.97,"1,46%","-4,82%","-3,43%","1,12%",,,0
364,SNCI11,Títulos e Val. Mob.,"R$ 96,09",135440.0,"R$ 1,00","1,01%","2,99%","6,62%","14,41%","1,00%","1,10%","1,20%","13,26%","-1,24%","-0,25%","8,62%","R$ 408.717.519,54","R$ 97,31",0.99,"1,03%","-0,94%","0,08%","8,67%",,,0
365,BLMC11,Outros,"R$ 82,87",100.0,"R$ 0,67","0,83%","2,60%","6,50%","13,64%","0,87%","1,08%","1,14%","12,52%","-1,28%","-0,46%","-6,54%","R$ 38.558.864,09","R$ 96,52",0.86,"0,69%","-1,69%","-1,01%","2,81%",,,0
366,RZAK11,Títulos e Val. Mob.,"R$ 97,01",785720.0,"R$ 1,50","1,49%","4,40%","9,25%","18,28%","1,47%","1,54%","1,52%","16,89%","5,18%","6,75%","24,98%","R$ 360.999.586,28","R$ 92,64",1.05,"1,62%","-0,41%","1,20%","7,90%",,,0
367,FEXC11,Títulos e Val. Mob.,"R$ 83,50",91530.0,"R$ 0,90","1,08%","3,13%","6,70%","13,60%","1,04%","1,12%","1,13%","12,55%","-5,54%","-4,52%","6,46%","R$ 1.003.494.922,39","R$ 90,75",0.92,"0,99%","-1,13%","-0,15%","7,12%",,,0
368,NCRA11,,"R$ 86,53",11130.0,"R$ 1,10","1,26%","1,26%","0,00%","0,00%","0,42%","0,00%","0,00%","1,26%","0,00%","1,26%","1,26%",,,,,,,,,,0
369,MATV11,Títulos e Val. Mob.,"R$ 86,00",420.0,"R$ 0,80","0,89%","2,66%","6,17%","13,75%","0,89%","1,03%","1,15%","12,54%","3,40%","4,32%","3,40%","R$ 39.226.174,04","R$ 92,09",0.93,"0,87%","-1,34%","-0,49%","-0,81%",,,0
370,BTLG11,Logística,"R$ 95,60",363380.0,"R$ 0,74","0,78%","2,24%","4,53%","8,72%","0,75%","0,76%","0,73%","8,04%","-5,92%","-5,19%","0,54%","R$ 2.089.628.167,96","R$ 99,19",0.96,"0,75%","0,09%","0,84%","4,82%",,"2,00%",16
371,ALZR11,Logística,"R$ 110,11",143780.0,"R$ 0,73","0,66%","2,01%","8,19%","12,18%","0,67%","1,37%","1,01%","11,52%","-3,21%","-2,57%","6,04%","R$ 740.337.456,78","R$ 106,94",1.03,"0,68%","-0,03%","0,65%","7,26%","0,00%",,15
372,BPML11,Shoppings,"R$ 61,73",210.0,"R$ 0,30","0,48%","1,37%","2,32%","0,00%","0,46%","0,39%","0,00%","2,86%","-6,03%","-5,58%","-5,15%","R$ 533.350.517,67","R$ 123,89",0.5,"0,24%","0,23%","0,47%","0,03%","5,80%",,7
373,XPML11,Shoppings,"R$ 94,49",456580.0,"R$ 0,77","0,82%","2,29%","4,41%","8,71%","0,76%","0,74%","0,73%","7,82%","-5,91%","-5,14%","8,78%","R$ 2.057.877.597,23","R$ 101,27",0.93,"0,76%","-0,66%","0,10%","6,56%","3,90%",,16
374,FCFL11,Outros,"R$ 111,00",31640.0,"R$ 0,76","0,69%","1,97%","4,20%","8,51%","0,66%","0,70%","0,71%","7,78%","-4,30%","-3,64%","4,48%","R$ 364.091.433,44","R$ 104,80",1.06,"0,73%","0,00%","0,73%","5,64%","0,00%",,1
375,XPIN11,Outros,"R$ 71,00",72910.0,"R$ 0,65","0,92%","2,51%","4,97%","9,41%","0,84%","0,83%","0,78%","8,74%","-7,60%","-6,75%","-9,72%","R$ 742.296.242,19","R$ 103,81",0.68,"0,63%","-1,37%","-0,75%","0,75%","17,30%","12,00%",5
376,EQIR11,Títulos e Val. Mob.,"R$ 9,73",9620.0,"R$ 0,11","1,14%","3,43%","17,04%","0,00%","1,14%","2,84%","0,00%","22,54%","3,09%","4,26%","-87,69%","R$ 49.267.646,34","R$ 9,80",0.99,"1,12%","-1,52%","-0,41%","-89,58%",,,0
377,BTAL11,Outros,"R$ 90,24",152260.0,"R$ 0,83","0,92%","2,64%","5,23%","10,29%","0,88%","0,87%","0,86%","9,42%","-3,18%","-2,29%","5,15%","R$ 633.527.504,16","R$ 105,89",0.85,,,,,,,7
378,MORC11,Títulos e Val. Mob.,"R$ 92,04",18170.0,"R$ 1,10","1,20%","3,55%","7,60%","15,89%","1,18%","1,27%","1,32%","14,64%","-1,11%","0,08%","6,46%","R$ 125.287.392,96","R$ 96,98",0.95,,,,,,,0
379,CCRF11,Títulos e Val. Mob.,"R$ 94,63",60.0,"R$ 0,55","0,58%","2,03%","6,04%","12,96%","0,68%","1,01%","1,08%","11,65%","-3,40%","-2,84%","6,36%","R$ 151.624.862,95","R$ 96,46",0.98,,,,,,,0
